viewer,start_ms,duration_ms,x,y
1,12,279,807,463
1,324,139,642,413
1,516,204,233,212
1,777,203,882,483
1,1014,528,697,456
1,1584,986,996,461
1,2605,314,763,318
1,2961,1264,536,297
1,4253,230,395,377
1,4499,889,352,407
1,5448,393,895,242
1,5899,213,1427,296
1,6422,333,1187,412
1,6785,1048,1018,457
1,7873,202,845,494
1,8120,222,544,381
1,8380,153,348,463
1,8579,564,106,224
1,9174,142,259,326
1,9348,139,423,403
1,9513,256,350,404
1,9812,480,227,619
1,10352,409,762,588
1,10803,521,1020,488
1,11356,704,1078,633
1,12106,164,857,719
1,12312,242,692,934
1,12592,410,650,662
1,13039,333,656,464
1,13397,1527,732,427
1,14972,187,1001,409
1,15212,311,1360,628
1,15568,457,1392,346
1,16069,249,1147,386
1,16351,475,910,417
1,16855,243,1045,421
1,17116,540,1041,434
1,17701,221,1305,259
1,17956,169,1404,168
1,18158,296,1191,194
1,18483,866,1327,293
1,19390,340,1232,412
1,19773,299,1156,631
1,20111,187,1332,503
1,20332,404,1354,389
1,20768,318,1324,495
1,21115,235,1267,578
1,21395,360,1054,772
1,21785,742,965,577
1,22567,288,1168,444
1,22892,809,939,456
1,23748,170,658,444
1,23949,177,485,406
1,24159,147,575,283
1,24357,487,978,305
1,24875,384,1129,189
1,25313,369,739,107
1,25704,357,694,75
1,26095,374,573,173
1,26525,304,119,124
1,26853,478,78,162
1,27361,326,280,137
1,27721,286,94,184
1,28039,464,226,281
1,28529,205,348,339
1,28763,201,369,413
1,29005,359,230,588
1,29391,460,157,704
1,29879,226,148,817
1,30127,445,148,894
1,30587,196,113,878
1,30813,220,187,712
1,31063,371,306,642
1,31458,246,246,651
1,31752,373,433,472
1,32167,535,664,371
1,32768,182,1194,586
1,33000,507,1486,793
1,33541,245,1370,572
1,33830,462,1181,451
1,34324,200,1027,461
1,34570,359,737,496
1,34962,672,956,444
1,35685,372,616,436
1,36082,282,549,396
1,36388,704,560,322
1,37121,273,449,427
1,37420,698,378,402
1,38175,152,810,351
1,38361,220,715,137
1,38653,371,1492,172
1,39087,451,1473,859
1,39569,476,1368,799
1,40076,218,1268,700
1,40324,375,1267,606
1,40749,293,1025,766
1,41078,240,1032,592
1,41362,372,863,428
1,41761,886,741,394
1,42671,745,719,324
1,43445,944,874,354
1,44412,331,821,361
1,44758,397,861,362
1,45200,597,1141,284
1,45829,206,1158,434
1,46051,625,1216,434
1,46725,235,879,408
1,47004,376,707,348
1,47401,641,654,321
1,48061,365,618,289
1,48483,432,1152,224
1,48957,390,990,152
1,49372,426,921,125
1,49843,540,708,226
1,50404,1159,769,203
1,51586,709,733,190
1,52323,262,808,415
1,52665,416,1468,973
1,53110,282,1319,968
1,53447,481,807,949
1,53958,389,791,808
1,54393,1975,602,738
1,56390,1902,587,725
1,58329,218,846,541
1,58584,263,758,697
1,58916,307,1077,244
1,59253,492,981,103
1,59773,258,867,114
2,12,364,794,522
2,495,49,794,561
2,560,39,787,542
2,634,26,605,502
2,722,205,604,500
2,982,286,842,409
2,1313,456,450,381
2,1795,496,341,417
2,2430,769,341,409
2,3251,551,978,404
2,3832,297,1104,413
2,4166,160,1266,319
2,4352,1021,1361,263
2,5415,325,1068,372
2,5768,315,1012,507
2,6128,248,1269,849
2,6406,261,1411,825
2,6710,120,1423,527
2,6876,174,1429,196
2,7126,155,488,138
2,7320,249,172,187
2,7596,226,68,183
2,7883,295,127,905
2,8207,767,214,822
2,9032,348,623,239
2,9432,169,1251,314
2,9886,266,1254,318
2,10179,174,1323,336
2,10377,327,1393,302
2,10748,243,926,474
2,11045,197,457,437
2,11273,271,335,445
2,11574,365,256,654
2,11974,265,337,477
2,12259,235,371,423
2,12537,474,712,447
2,13054,256,1062,380
2,13342,257,1059,541
2,13647,490,1354,259
2,14164,275,1456,192
2,14492,336,778,159
2,14857,109,656,149
2,15012,202,354,418
2,15255,288,111,303
2,15568,1261,58,195
2,16877,183,546,284
2,17098,244,362,504
2,17380,203,252,694
2,17635,224,873,601
2,17893,349,1052,499
2,18269,237,1084,367
2,18562,516,599,342
2,19108,262,462,398
2,19398,227,336,432
2,19679,332,996,465
2,20049,215,1196,398
2,20308,250,1207,819
2,20591,188,1366,813
2,20827,222,1246,489
2,21091,307,881,521
2,21428,198,732,496
2,21673,292,1096,324
2,22002,279,1306,380
2,22322,253,984,391
2,22610,233,877,509
2,22898,249,417,493
2,23180,304,243,703
2,23509,156,177,730
2,23709,215,244,402
2,23976,368,846,390
2,24383,436,625,321
2,24852,359,466,372
2,25269,359,1105,297
2,25666,224,1029,491
2,25912,359,981,519
2,26306,231,1052,724
2,26584,187,1311,472
2,26811,67,1017,548
2,27007,653,991,526
2,27687,212,857,500
2,27937,756,1022,699
2,28720,467,978,532
2,29210,425,896,507
2,29668,492,694,466
2,30178,197,648,477
2,30397,230,698,464
2,30654,453,587,461
2,31144,346,388,445
2,31506,37,337,442
2,31570,161,440,418
2,31752,156,455,327
2,31956,245,218,705
2,32229,157,289,546
2,32407,187,306,509
2,32629,303,227,722
2,32959,210,137,756
2,33215,527,325,446
2,33776,164,511,507
2,33970,158,494,314
2,34156,158,598,226
2,34342,193,639,114
2,34586,302,1148,267
2,34922,250,1338,289
2,35193,143,1398,253
2,35384,304,1009,461
2,35713,295,967,550
2,36049,433,701,517
2,36519,486,961,481
2,37030,339,867,472
2,37397,575,928,549
2,37988,263,926,508
2,38278,300,918,401
2,38629,332,363,434
2,38987,186,299,432
2,39200,275,201,354
2,39520,438,113,628
2,39995,182,344,557
2,40206,371,209,621
2,40592,353,221,577
2,40973,586,320,423
2,41595,186,119,288
2,41823,435,459,269
2,42281,795,457,248
2,43110,304,457,471
2,43459,439,161,778
2,44035,121,285,490
2,44206,299,873,446
2,44544,165,1113,298
2,44765,211,1426,830
2,45021,258,1199,453
2,45326,200,1450,802
2,45551,265,1511,874
2,45857,436,1247,921
2,46349,358,683,954
2,46758,442,902,411
2,47224,397,893,491
2,47645,268,943,489
2,47964,400,496,456
2,48392,653,451,325
2,49085,263,183,322
2,49393,172,532,143
2,49590,284,612,110
2,49895,155,661,83
2,50084,372,905,91
2,50506,144,421,216
2,50697,233,181,235
2,50947,242,208,177
2,51214,386,165,247
2,51625,306,87,214
2,51952,411,74,182
2,52392,427,215,180
2,52854,186,190,369
2,53067,175,329,424
2,53280,333,116,398
2,53672,332,933,404
2,54046,167,1239,358
2,54242,290,1373,257
2,54546,715,1387,219
2,55276,370,1422,194
2,55669,385,1364,255
2,56095,176,1122,191
2,56309,453,1382,177
2,56783,309,1421,198
2,57132,419,1118,194
2,57592,343,1023,380
2,57969,498,982,521
2,58504,166,735,516
2,58686,365,682,490
2,59074,241,740,464
2,59360,235,625,697
2,59624,251,489,739
2,59900,164,564,629
3,12,139,794,498
3,300,161,786,454
3,504,297,521,442
3,842,200,357,218
3,1543,254,1293,370
3,1833,74,1036,371
3,2039,198,1026,389
3,2291,244,1321,299
3,2564,234,1262,193
3,2832,383,1119,248
3,3243,160,1225,274
3,3468,409,1364,808
3,3909,209,1195,861
3,4175,408,393,888
3,4617,75,243,751
3,4817,453,247,616
3,5293,355,194,684
3,5667,122,149,713
3,5848,290,511,378
3,6168,197,632,477
3,6382,150,627,481
3,6562,124,546,293
3,6812,203,546,284
3,7071,577,749,103
3,7698,318,324,107
3,8045,249,434,162
3,8323,340,503,248
3,8691,355,566,296
3,9072,282,494,282
3,9389,251,281,248
3,9669,439,305,204
3,10137,633,251,302
3,10803,628,167,177
3,11456,145,186,195
3,11736,270,163,254
3,12038,236,279,335
3,12320,309,257,489
3,12656,393,364,457
3,13067,187,406,438
3,13296,448,569,501
3,13766,341,638,479
3,14150,280,546,313
3,14541,445,313,532
3,15015,413,259,653
3,15472,384,579,746
3,15879,204,478,716
3,16240,314,599,517
3,16596,144,356,433
3,16814,255,911,457
3,17125,274,1213,341
3,17430,323,1104,258
3,17821,153,1198,818
3,18039,819,1317,329
3,18886,417,1373,319
3,19349,345,1115,255
3,19726,465,940,281
3,20225,271,904,442
3,20526,454,1026,453
3,21102,261,1022,467
3,21404,277,1090,707
3,21702,857,1048,654
3,22603,393,913,457
3,23016,141,902,440
3,23182,281,851,376
3,23478,88,863,380
3,23595,368,986,405
3,24014,460,1068,239
3,24507,298,1016,437
3,24954,890,948,532
3,25872,278,834,485
3,26174,322,899,485
3,26521,409,938,519
3,27091,343,979,382
3,27470,360,749,448
3,27873,272,904,311
3,28190,156,964,176
3,28380,565,779,126
3,28986,301,1032,122
3,29334,283,1321,165
3,29648,342,1380,294
3,30024,726,1173,377
3,30774,145,1095,400
3,30950,469,1074,588
3,31461,262,1167,792
3,31748,272,1194,852
3,32061,454,1357,792
3,32640,195,1584,846
3,32861,359,1507,793
3,33263,195,1220,944
3,33501,314,931,988
3,33841,280,787,944
3,34165,353,420,947
3,34559,397,141,892
3,35025,256,112,186
3,35776,109,517,32
3,36012,189,1106,23
3,36267,368,1115,21
3,36664,222,936,11
3,37392,606,462,23
3,38025,269,289,149
3,38324,277,191,210
3,38752,356,166,352
3,39124,815,208,339
3,39969,352,196,421
3,40347,1377,221,364
3,41748,409,184,482
3,42250,164,1146,77
3,42442,191,1023,82
3,42742,205,1020,97
3,43005,242,1542,134
3,44001,318,1577,400
3,44378,358,1474,837
3,44768,387,1354,750
3,45192,270,1275,557
3,45487,154,1333,521
3,45772,260,1355,371
3,46068,682,1456,238
3,46773,245,1503,216
3,47065,186,1453,401
3,47281,233,1316,417
3,47646,400,1263,545
3,48086,522,1107,743
3,48644,262,986,869
3,48944,163,1209,931
3,49263,712,1200,914
3,50026,199,761,634
3,50367,241,749,385
3,50635,265,721,418
3,50943,118,903,317
3,51082,1454,903,309
3,52573,429,961,482
3,53035,103,1147,474
3,53270,573,1442,168
3,53907,287,1083,594
3,54247,232,869,781
3,54508,138,779,821
3,54696,260,467,643
3,55099,330,334,692
3,55454,363,409,706
3,55884,418,386,372
3,56331,171,265,371
3,56517,27,258,352
3,56629,263,1057,623
3,56922,152,1044,492
3,57226,359,999,563
3,57642,738,321,372
3,58410,257,263,293
3,58683,230,301,279
3,58951,127,327,107
3,59221,117,341,149
3,59397,130,639,309
3,59600,275,1130,654
3,59924,170,1288,727
4,12,398,756,507
4,454,142,578,384
4,650,456,1221,237
4,1147,637,993,169
4,1822,439,1294,237
4,2288,324,1413,244
4,2645,159,1136,218
4,2835,291,959,228
4,3174,107,557,300
4,3424,134,471,386
4,3572,226,460,301
4,3837,346,557,446
4,4211,363,713,473
4,4750,79,897,414
4,4873,441,994,465
4,5351,1430,1064,629
4,6801,720,1067,646
4,7549,418,1003,510
4,8150,120,997,478
4,8317,300,1321,764
4,8647,250,1441,816
4,8923,317,1337,786
4,9295,188,1203,411
4,9528,199,1347,757
4,9776,398,1166,152
4,10222,145,777,72
4,10395,373,636,83
4,11208,493,53,212
4,11728,116,150,236
4,12065,230,349,344
4,12317,133,371,411
4,12492,418,566,237
4,12939,307,607,126
4,13301,285,363,422
4,13793,390,412,393
4,14218,244,559,471
4,14496,199,271,348
4,14725,233,126,256
4,14986,330,34,195
4,15348,218,111,330
4,15591,231,90,449
4,15863,584,96,717
4,16490,211,472,741
4,16730,271,561,641
4,17026,123,654,618
4,17179,262,734,448
4,17457,538,666,451
4,18024,87,769,326
4,18366,405,656,469
4,18800,166,546,477
4,19215,397,522,490
4,19652,885,307,428
4,20564,343,463,338
4,20948,572,164,291
4,21549,1672,285,413
4,23249,446,450,439
4,23734,650,441,277
4,24418,355,649,88
4,24825,245,1192,146
4,25103,278,1342,225
4,25425,267,1114,281
4,25723,279,956,133
4,26043,197,1144,204
4,26272,204,919,109
4,26527,262,828,443
4,26817,303,951,456
4,27315,129,967,435
4,27486,384,1137,292
4,27898,295,1278,299
4,28224,204,1383,212
4,28473,255,1034,257
4,28766,280,1364,246
4,29218,663,1396,213
4,29926,269,1011,222
4,30226,278,891,225
4,30550,386,1339,192
4,30968,168,1144,193
4,31172,644,1391,236
4,31962,168,1387,204
4,32319,385,1391,218
4,32747,344,1040,228
4,33123,285,867,250
4,33457,220,1343,200
4,33694,244,1377,227
4,33996,381,952,468
4,34429,265,1397,199
4,34869,308,1348,246
4,35192,1155,1373,229
4,36371,482,1400,128
4,36878,161,1389,196
4,37085,192,1006,111
4,37305,770,896,108
4,38090,391,911,106
4,38518,312,1008,237
4,38855,180,967,127
4,39065,356,871,210
4,39457,247,1079,204
4,39722,187,1123,229
4,39946,585,1386,234
4,40683,1234,1388,237
4,41961,198,1059,183
4,42360,1012,1120,214
4,43395,270,1065,179
4,43685,407,1038,218
4,44106,309,977,221
4,44442,799,831,225
4,45262,239,786,302
4,45685,943,835,252
4,46653,255,851,373
4,46927,274,817,375
4,47232,742,689,466
4,48000,334,743,538
4,48357,480,710,589
4,48861,436,769,542
4,49334,389,1014,678
4,49749,638,1041,529
4,50409,723,975,451
4,51552,277,58,889
4,51873,212,342,961
4,52128,192,673,966
4,52373,240,1371,988
4,52641,200,1453,922
4,52899,458,1525,0
4,53501,272,871,32
4,53831,300,287,719
4,54150,542,243,678
4,54718,357,163,691
4,55095,400,272,651
4,55520,346,201,644
4,55890,296,143,599
4,56224,346,134,327
4,56596,197,108,198
4,56813,1087,9,179
4,57934,207,95,369
4,58331,683,76,362
4,59044,381,276,367
4,59449,248,371,321
4,59714,350,412,277
5,12,278,804,462
5,446,260,541,358
5,729,233,479,312
5,976,786,482,287
5,1798,205,253,320
5,2034,552,107,178
5,2623,160,155,520
5,2814,194,227,603
5,3036,146,264,689
5,3344,159,312,804
5,3564,164,961,806
5,3780,193,1312,869
5,4003,432,1421,884
5,4450,140,1393,901
5,4639,347,994,524
5,5011,349,901,485
5,5394,414,1091,421
5,5834,148,1087,308
5,6015,304,1275,273
5,6333,333,1311,311
5,6845,210,1330,339
5,7082,408,1362,261
5,7517,194,1439,261
5,7769,303,923,123
5,8105,806,707,97
5,8959,223,787,351
5,9211,111,777,458
5,9341,339,744,481
5,9726,410,991,541
5,10180,561,1054,731
5,10884,165,524,400
5,11080,190,377,427
5,11303,135,191,258
5,11462,204,129,192
5,11698,138,261,299
5,11863,139,303,384
5,12023,181,322,460
5,12236,164,367,592
5,12427,374,296,592
5,12817,147,293,618
5,12986,108,321,567
5,13111,481,329,503
5,13642,571,697,482
5,14252,160,394,445
5,14428,292,356,426
5,14901,398,339,413
5,15333,170,196,377
5,15534,395,335,417
5,15961,947,151,346
5,16929,115,200,364
5,17075,142,347,476
5,17274,168,580,937
5,17468,203,523,922
5,17702,172,640,974
5,17903,248,776,968
5,18173,110,786,882
5,18304,97,805,819
5,18598,492,825,492
5,19108,212,811,468
5,19334,101,779,481
5,19468,153,939,512
5,19638,359,968,527
5,20043,123,1230,280
5,20307,176,1435,209
5,20508,185,1394,252
5,20820,1176,1418,248
5,22036,166,1222,176
5,22223,186,1176,188
5,22430,161,1125,174
5,22605,287,1102,163
5,22914,140,1044,187
5,23088,326,911,294
5,23447,200,974,441
5,23669,579,932,473
5,24266,22,927,509
5,24324,144,711,629
5,24493,238,652,672
5,24770,147,497,684
5,25087,96,502,620
5,25214,241,551,417
5,25486,855,381,393
5,26375,182,529,327
5,26578,294,576,283
5,26897,113,599,369
5,27044,317,678,130
5,27409,131,334,133
5,27690,202,218,123
5,27924,752,84,169
5,28903,200,827,375
5,29135,208,989,429
5,29365,352,1011,469
5,29747,156,1086,483
5,29945,226,1236,501
5,30197,232,1277,449
5,30459,507,1259,570
5,30998,175,1321,423
5,31203,116,1315,358
5,31357,291,1371,221
5,31674,1145,1422,212
5,32973,513,1431,256
5,33506,298,1387,275
5,33852,352,1099,262
5,34247,148,921,338
5,34426,188,781,418
5,34640,859,726,435
5,35526,186,804,424
5,35869,145,833,454
5,36059,266,698,154
5,36339,262,689,120
5,36637,789,903,125
5,37463,167,949,312
5,37778,130,1338,801
5,37941,387,1362,805
5,38358,232,1470,836
5,38617,154,1394,818
5,38787,76,1368,770
5,38883,749,1357,827
5,39653,1869,1344,879
5,41683,1228,1354,890
5,42925,354,1356,874
5,43323,867,1173,945
5,44233,213,936,826
5,44675,140,889,824
5,44858,402,772,789
5,45295,228,682,977
5,45565,218,527,969
5,45812,200,633,966
5,46036,175,690,963
5,46230,221,719,969
5,46465,209,724,969
5,46695,253,682,927
5,46966,97,667,949
5,47097,1040,479,922
5,48315,55,487,887
5,48387,553,517,809
5,48961,439,558,789
5,49425,196,597,716
5,49646,515,618,620
5,50191,178,511,698
5,50412,158,387,825
5,50590,404,348,867
5,51017,151,389,834
5,51192,123,387,756
5,51340,332,307,711
5,51700,1038,188,638
5,52771,225,173,397
5,53024,84,213,284
5,53273,146,186,249
5,53443,153,226,226
5,53624,137,133,223
5,53784,517,178,250
5,54325,131,206,229
5,54474,777,224,188
5,55283,291,420,229
5,55730,213,495,309
5,55958,876,479,299
5,56852,161,492,326
5,57045,776,552,488
5,57847,187,507,493
5,58059,221,516,366
5,58326,240,532,577
5,58590,149,553,619
5,58772,184,534,459
5,59130,117,562,437
5,59265,143,580,468
5,59438,463,693,493
5,59943,160,561,507
6,35,545,823,490
6,621,378,555,348
6,1023,231,514,265
6,1275,33,511,268
6,1331,33,512,254
6,1402,351,347,316
6,1813,225,869,266
6,2182,92,884,391
6,2289,1222,887,412
6,3573,242,440,16
6,3854,443,743,17
6,4332,900,839,132
6,5266,366,992,302
6,5696,125,1045,552
6,5871,338,1116,785
6,6355,432,362,492
6,6815,395,405,380
6,7270,279,338,744
6,7597,557,390,454
6,8186,265,540,351
6,8510,209,1044,382
6,8836,171,1354,301
6,9069,276,1446,731
6,9376,177,1375,704
6,9599,155,1211,706
6,9793,198,1209,482
6,10111,609,1327,311
6,10747,284,1288,189
6,11063,1012,1418,111
6,12114,881,1306,194
6,13022,257,1411,178
6,13310,300,1294,266
6,13639,665,1198,289
6,14339,285,1304,378
6,14736,384,1232,356
6,15159,226,975,378
6,15415,230,991,226
6,15672,292,936,84
6,16012,424,708,61
6,16481,299,306,105
6,16809,310,218,106
6,17224,625,117,138
6,17883,201,14,283
6,18168,174,256,903
6,18401,268,957,881
6,18727,331,935,176
6,19110,323,1242,344
6,19467,345,1319,188
6,19886,216,702,914
6,20148,349,369,869
6,20580,270,997,507
6,20879,865,1030,441
6,21768,537,1024,483
6,22342,360,1102,634
6,22756,203,1012,434
6,23006,232,404,299
6,23271,203,201,244
6,23505,785,91,109
6,24423,281,539,281
6,24736,589,616,399
6,25358,282,536,302
6,25781,215,512,334
6,26030,420,367,377
6,26501,375,270,635
6,26902,159,227,651
6,27091,268,386,648
6,27390,590,491,644
6,28003,215,526,635
6,28277,675,1525,784
6,28983,137,1463,601
6,29173,307,1403,102
6,29507,282,1482,103
6,29812,111,1445,166
6,30051,199,1430,205
6,30289,382,1041,269
6,30705,619,710,97
6,31354,592,545,180
6,31973,1345,482,96
6,33345,98,412,114
6,33501,257,966,113
6,33896,629,958,329
6,34575,453,608,339
6,35060,311,403,367
6,35412,381,58,85
6,35819,233,127,92
6,36069,378,99,131
6,36533,119,1351,583
6,36699,91,1478,718
6,36900,104,1511,756
6,37076,267,276,641
6,37404,169,415,211
6,37629,275,566,603
6,37961,321,875,136
6,38323,121,559,136
6,38499,337,209,121
6,38860,180,250,137
6,39070,144,183,219
6,39306,475,558,180
6,39809,464,652,197
6,40322,466,1023,413
6,40810,148,1021,523
6,41003,456,1224,207
6,41486,287,1345,277
6,41804,210,1292,397
6,42097,198,272,603
6,42328,176,162,723
6,42551,130,461,861
6,42791,387,348,200
6,43225,136,322,342
6,43408,380,636,176
6,43819,166,772,391
6,44088,245,729,386
6,44371,332,1008,422
6,44726,107,1027,439
6,44868,811,718,379
6,45709,353,586,404
6,46181,302,1076,416
6,46527,293,1198,302
6,46849,676,1201,165
6,47557,196,1361,221
6,47805,283,1106,343
6,48219,143,866,419
6,48425,415,228,482
6,48876,335,185,623
6,49232,460,134,672
6,49722,591,243,736
6,50339,399,183,847
6,50765,215,183,692
6,51006,146,191,549
6,51198,122,157,217
6,51373,595,659,207
6,52006,296,959,108
6,52361,254,278,159
6,52679,189,1552,744
6,53013,391,1436,772
6,53462,232,1368,261
6,53725,638,1488,201
6,54389,308,1436,169
6,54755,310,1127,28
6,55087,89,1082,47
6,55323,312,1482,87
6,55662,300,1388,144
6,56027,496,878,691
6,56568,354,853,556
6,56952,583,997,567
6,57554,192,1039,545
6,57766,367,1018,499
6,58171,365,1057,654
6,58576,668,1094,856
6,59289,630,687,862
6,59948,254,514,854
7,12,256,806,498
7,310,153,480,339
7,516,335,978,454
7,907,354,419,459
7,1291,231,529,358
7,1574,238,924,414
7,1845,123,1066,570
7,1983,73,1069,534
7,2098,129,1388,739
7,2243,66,1387,763
7,2381,151,596,342
7,2566,97,536,280
7,2699,182,725,87
7,2939,454,143,183
7,3431,111,322,349
7,3594,283,103,743
7,3920,172,65,891
7,4152,393,176,116
7,4569,314,152,66
7,4905,180,137,87
7,5125,202,500,379
7,5370,365,343,398
7,5771,246,215,664
7,6053,227,286,510
7,6316,239,231,733
7,6588,313,490,778
7,6937,189,572,806
7,7168,109,468,491
7,7329,301,647,121
7,7663,309,557,206
7,8023,262,948,489
7,8323,73,1060,537
7,8410,309,1058,555
7,8749,134,1018,660
7,8910,268,1097,719
7,9235,204,1182,169
7,9474,239,1401,314
7,9741,171,1327,323
7,9963,276,1351,779
7,10267,419,1382,817
7,10717,227,1214,888
7,10980,660,1504,834
7,11703,279,1463,76
7,12020,207,1362,146
7,12256,181,1467,181
7,12478,371,1354,294
7,12889,371,1484,191
7,13292,168,1338,274
7,13509,415,1086,158
7,13954,361,953,89
7,14345,254,981,226
7,14749,165,1018,168
7,14966,398,679,42
7,15390,222,720,62
7,15649,399,1024,48
7,16075,329,982,81
7,16443,228,996,387
7,16698,247,1042,458
7,17328,439,822,469
7,17803,163,1077,469
7,18035,205,303,441
7,18279,361,417,422
7,18690,554,530,685
7,19283,324,451,769
7,19644,230,558,834
7,19908,309,621,662
7,20251,424,434,677
7,20705,193,372,743
7,20928,359,275,697
7,21305,248,309,683
7,21572,404,278,699
7,22021,329,107,761
7,22389,457,218,742
7,22898,129,542,612
7,23081,358,134,742
7,23468,279,182,801
7,23775,218,128,805
7,24011,407,128,783
7,24449,215,207,662
7,24693,149,172,601
7,24900,323,191,169
7,25246,268,140,179
7,25548,375,194,160
7,25956,174,143,239
7,26168,412,252,237
7,26607,254,297,203
7,26906,110,197,378
7,27058,218,379,426
7,27323,389,665,194
7,27757,332,976,390
7,28143,171,1317,367
7,28465,292,1291,353
7,28793,509,1358,383
7,29330,531,1271,366
7,29891,357,1382,338
7,30302,143,962,637
7,30474,158,998,552
7,30658,405,1048,533
7,31098,415,1046,297
7,31549,241,957,409
7,31835,349,756,453
7,32241,125,794,66
7,32407,206,1007,110
7,32671,236,1522,89
7,33129,171,1334,873
7,33340,504,1424,819
7,33870,124,1477,860
7,34042,377,1184,917
7,34471,319,827,955
7,34845,328,1217,898
7,35213,293,1460,867
7,35531,538,1400,844
7,36101,359,1550,842
7,36510,251,1235,860
7,36803,115,1435,814
7,36978,230,1502,273
7,37235,513,1462,217
7,37781,511,1338,350
7,38332,1016,1486,198
7,39413,215,659,353
7,39662,400,956,459
7,40191,197,521,427
7,40423,208,777,483
7,40658,167,736,501
7,40865,199,896,522
7,41127,255,148,289
7,41423,289,234,228
7,41739,295,287,180
7,42077,233,96,269
7,42407,293,124,241
7,42734,321,216,311
7,43076,747,190,363
7,43976,444,213,301
7,44455,389,131,371
7,44879,1051,199,334
7,45977,219,263,102
7,46220,199,274,168
7,46463,272,193,333
7,46761,184,228,348
7,47001,133,637,204
7,47163,199,622,89
7,47406,429,986,95
7,47918,225,665,84
7,48192,205,591,304
7,48421,119,614,279
7,48568,330,516,296
7,48924,442,556,281
7,49395,226,491,315
7,49646,177,515,389
7,49852,550,609,477
7,50504,445,501,711
7,50981,172,337,748
7,51175,216,324,707
7,51430,357,468,721
7,51830,389,319,708
7,52249,296,214,726
7,52592,174,539,803
7,52815,128,428,529
7,52974,354,363,450
7,53373,30,582,442
7,53421,127,583,453
7,53603,448,114,191
7,54089,211,198,123
7,54330,220,128,195
7,54592,274,132,707
7,54988,260,1161,553
7,55287,498,1029,521
7,55813,389,912,448
7,56264,372,1421,165
7,56662,172,1501,200
7,56873,312,1167,149
7,57250,255,1407,927
7,57599,481,1472,827
7,58131,197,1131,918
7,58455,245,1169,844
7,58740,201,997,810
7,58975,201,1079,714
7,59284,241,1042,654
7,59574,225,832,816
7,59828,174,868,696
7,60046,55,1046,544
8,12,233,789,511
8,312,104,391,386
8,487,173,1027,432
8,684,273,967,461
8,1026,206,291,422
8,1263,180,514,380
8,1489,162,259,438
8,1682,179,125,646
8,1888,139,193,597
8,2071,121,376,418
8,2218,373,316,412
8,2634,440,192,587
8,3150,130,926,557
8,3320,188,1093,477
8,3540,276,1297,418
8,3839,253,1274,363
8,4121,262,1242,533
8,4425,173,1322,384
8,4617,249,1273,339
8,4936,172,938,541
8,5173,258,1371,766
8,5503,472,781,895
8,6026,209,1183,899
8,6271,238,1134,901
8,6541,225,1179,693
8,6813,148,966,669
8,7000,410,1047,661
8,7474,133,690,493
8,7632,464,731,456
8,8171,140,124,249
8,8342,258,14,108
8,8631,192,176,177
8,8852,353,239,233
8,9264,318,682,365
8,9626,265,824,425
8,9927,137,904,414
8,10130,285,503,654
8,10456,187,377,680
8,10674,334,202,663
8,11052,164,226,785
8,11261,208,81,793
8,11506,100,21,697
8,11673,135,33,254
8,11840,177,42,83
8,12053,388,66,204
8,12457,255,60,185
8,12735,421,79,209
8,13175,358,47,197
8,13560,323,56,268
8,13929,163,269,320
8,14113,159,299,363
8,14288,178,311,402
8,14512,237,168,590
8,14792,204,357,314
8,15037,116,541,243
8,15181,377,647,156
8,15572,319,624,127
8,15929,160,1001,104
8,16125,83,887,94
8,16243,337,634,91
8,16620,366,617,183
8,17031,412,490,304
8,17465,426,462,319
8,17938,212,542,412
8,18164,308,571,426
8,18521,458,473,611
8,19018,194,387,666
8,19255,283,229,628
8,19561,176,254,639
8,19780,171,108,661
8,19986,242,175,662
8,20269,552,108,733
8,20873,145,231,707
8,21036,376,209,669
8,21478,110,698,733
8,21621,233,478,753
8,21891,231,562,749
8,22137,123,573,696
8,22298,90,513,601
8,22458,173,1066,438
8,22691,364,1360,710
8,23098,222,1156,771
8,23360,296,1191,845
8,23705,227,1267,417
8,23956,420,1290,376
8,24408,296,1452,268
8,24729,201,1386,212
8,24966,604,1293,317
8,25613,387,1423,276
8,26021,125,1393,238
8,26187,252,1277,318
8,26486,215,1031,415
8,26730,178,964,461
8,26923,533,971,478
8,27492,347,692,443
8,27878,316,907,342
8,28222,161,813,338
8,28429,205,1072,374
8,28665,383,1105,454
8,29094,177,1274,513
8,29300,170,1265,389
8,29490,249,1269,355
8,29782,376,1049,283
8,30186,476,957,240
8,30703,422,1094,229
8,31143,385,1071,194
8,31566,372,1147,238
8,31960,181,1086,223
8,32164,227,1007,180
8,32433,317,894,217
8,32786,250,959,260
8,33076,261,862,262
8,33385,168,926,398
8,33580,1372,964,476
8,35009,344,1107,629
8,35394,151,1335,458
8,35564,419,1304,399
8,36001,170,1277,363
8,36232,144,1542,707
8,36421,465,1370,756
8,36929,239,1549,815
8,37210,381,1333,763
8,37661,251,795,693
8,37953,414,696,468
8,38412,286,939,376
8,38732,283,883,358
8,39062,188,761,507
8,39277,266,712,460
8,39569,224,754,448
8,39822,142,716,428
8,40028,231,336,440
8,40304,143,288,636
8,40492,290,546,763
8,40820,138,479,812
8,40999,187,609,679
8,41212,300,597,600
8,41539,341,483,606
8,41931,208,550,766
8,42178,471,617,670
8,42708,257,352,624
8,43112,108,456,644
8,43263,323,601,623
8,43659,143,30,411
8,43840,692,434,317
8,44565,147,488,465
8,44749,1044,554,441
8,45856,214,262,452
8,46299,292,52,196
8,46844,204,78,49
8,47073,472,0,78
8,47593,199,236,233
8,47839,84,280,355
8,48010,99,1016,650
8,48162,478,1188,878
8,48673,241,1416,807
8,48956,127,1544,824
8,49141,187,793,958
8,49396,114,306,897
8,49544,188,447,767
8,49756,146,379,751
8,49944,191,537,544
8,50171,416,580,468
8,50657,210,1113,385
8,50906,180,1316,348
8,51120,177,1264,439
8,51322,218,1246,486
8,51608,248,804,461
8,51897,513,711,466
8,52466,299,893,546
8,52789,538,922,486
8,53359,314,1026,361
8,53714,418,912,506
8,54171,154,1009,533
8,54362,606,932,546
8,55027,529,947,326
8,55586,144,924,411
8,55760,291,898,496
8,56075,257,921,522
8,56376,162,839,393
8,56586,586,1002,273
8,57214,587,1182,246
8,57849,440,995,379
8,58315,181,1047,323
8,58545,327,981,450
8,58898,386,995,481
8,59313,576,891,490
8,59917,177,927,587
9,12,325,804,482
9,384,154,478,615
9,579,176,396,365
9,817,177,1151,377
9,1023,366,965,441
9,1545,296,383,447
9,1859,204,309,443
9,2083,134,355,369
9,2699,199,1442,104
9,2950,128,1066,377
9,3217,131,1307,825
9,3389,280,992,657
9,3715,201,809,454
9,3957,198,978,484
9,4171,169,998,488
9,4379,416,712,433
9,4822,303,591,433
9,5156,219,378,392
9,5407,273,219,625
9,5713,260,271,461
9,6001,125,380,353
9,6224,360,124,81
9,6616,255,331,98
9,6887,271,276,114
9,7206,280,684,142
9,7516,388,529,215
9,7952,365,1001,95
9,8339,467,932,53
9,8853,249,462,126
9,9140,311,259,144
9,9477,453,231,271
9,10001,161,1312,699
9,10187,257,1373,755
9,10467,98,1368,752
9,10965,117,1527,807
9,11127,607,1036,621
9,11767,180,994,467
9,11987,222,706,409
9,12253,177,416,614
9,12472,167,255,786
9,12666,291,345,669
9,12991,267,167,744
9,13280,471,218,699
9,13931,214,97,91
9,14169,373,164,44
9,14560,490,134,67
9,15104,182,758,41
9,15318,202,569,58
9,15720,311,349,102
9,16056,363,268,147
9,16444,466,136,107
9,17041,265,131,49
9,17340,143,264,253
9,17664,342,213,282
9,18035,220,129,203
9,18278,163,137,164
9,18483,195,358,436
9,18722,281,139,266
9,19068,37,281,752
9,19308,232,156,856
9,19572,349,259,659
9,19952,364,159,752
9,20358,562,196,562
9,21058,304,194,691
9,21382,370,175,644
9,21775,180,270,671
9,21971,206,307,628
9,22208,138,501,624
9,22385,141,264,653
9,22542,713,310,656
9,23288,638,533,644
9,24078,250,503,665
9,24346,217,471,623
9,24611,212,704,211
9,24853,154,820,339
9,25040,196,623,217
9,25266,168,489,292
9,25459,162,573,261
9,25640,236,647,270
9,25893,93,617,242
9,26130,168,467,385
9,26322,304,523,308
9,26657,6417,376,394
9,33199,500,354,385
9,33747,257,915,589
9,34146,251,977,551
9,34445,192,1186,829
9,34655,3078,1184,869
9,37882,308,1427,331
9,38222,301,1461,217
9,38550,233,1375,100
9,38831,185,1313,513
9,39035,262,1335,478
9,39339,226,1171,641
9,39605,191,946,827
9,39957,152,1063,693
9,40146,239,1298,532
9,40423,309,1045,437
9,40762,249,1168,409
9,41048,364,990,376
9,41437,202,966,270
9,41684,300,548,233
9,42018,369,753,282
9,42536,211,180,168
9,42765,211,149,115
9,43022,181,719,97
9,43248,254,1187,113
9,43542,214,1360,262
9,43797,262,1082,433
9,44090,448,995,320
9,44561,408,1056,381
9,44998,350,1104,248
9,45370,124,1209,229
9,45639,153,1236,261
9,45825,363,1401,285
9,46212,287,1517,245
9,46520,217,1487,182
9,46790,368,750,44
9,47368,311,420,764
9,47709,405,537,847
9,48148,708,614,651
9,48880,142,503,672
9,49187,200,464,685
9,49416,259,321,644
9,49701,909,408,651
9,50636,291,289,656
9,50950,434,214,690
9,51412,260,132,769
9,51697,188,233,788
9,51911,323,156,748
9,52257,76,192,704
9,52467,819,203,696
9,53309,400,157,643
9,53737,312,102,763
9,54065,675,117,734
9,54882,364,111,711
9,55275,270,193,604
9,55565,334,176,543
9,55929,202,303,485
9,56149,275,352,440
9,56464,183,171,564
9,56682,330,350,422
9,57044,218,540,260
9,57292,186,604,394
9,57589,1470,600,442
9,59073,306,580,446
9,59494,698,606,439
10,12,362,804,482
10,595,154,682,445
10,779,198,557,371
10,1006,166,637,307
10,1204,218,774,446
10,1449,180,861,466
10,1657,164,722,414
10,1855,264,872,426
10,2145,269,964,382
10,2455,275,709,386
10,2758,160,771,373
10,2948,365,848,452
10,3338,135,777,421
10,3747,364,787,403
10,4153,199,624,644
10,5123,137,156,983
10,5304,169,503,993
10,5790,156,850,988
10,5987,258,1145,952
10,6471,206,856,368
10,6703,291,765,386
10,7039,286,1096,382
10,7354,327,1175,362
10,7702,420,1226,334
10,8145,340,1259,353
10,8716,261,1283,268
10,9005,326,1212,288
10,9356,863,1229,326
10,10472,459,1102,326
10,10980,324,658,376
10,11333,707,545,396
10,12065,604,502,436
10,12690,191,495,387
10,12908,290,502,294
10,13224,208,570,271
10,13458,789,652,187
10,14880,272,1587,73
10,15174,41,1591,8
10,15268,222,1474,567
10,15526,292,1450,768
10,15985,321,478,337
10,16328,170,532,314
10,16530,145,548,420
10,16708,201,394,437
10,16948,246,689,474
10,17229,269,784,487
10,17529,170,920,434
10,17717,202,952,441
10,17947,304,916,346
10,18279,471,969,421
10,18772,375,916,394
10,19166,142,868,387
10,19513,267,887,427
10,19808,253,770,442
10,20085,320,835,441
10,20436,189,707,407
10,20650,160,757,443
10,20839,278,882,391
10,21144,119,942,431
10,21297,267,962,268
10,21593,316,1051,366
10,21938,336,1157,308
10,22305,182,1028,429
10,22513,142,1006,514
10,22686,400,1063,673
10,23281,178,1092,622
10,23491,421,1214,554
10,23952,204,1342,808
10,24187,206,1219,871
10,24424,235,1370,823
10,24702,189,1362,379
10,24923,285,1382,266
10,25234,328,1446,265
10,25591,171,1350,183
10,25930,340,1191,541
10,26309,468,1243,379
10,26806,341,1338,262
10,27173,294,1430,226
10,27493,304,1374,154
10,27842,305,1083,332
10,28179,248,958,437
10,28473,661,557,408
10,29162,340,631,438
10,29536,414,923,467
10,29979,389,998,495
10,30395,240,1086,490
10,30852,346,1031,459
10,31263,199,241,366
10,31489,255,161,289
10,31799,161,161,911
10,32005,218,572,959
10,32271,437,939,648
10,32739,312,1068,656
10,33081,288,1186,602
10,33397,263,1258,532
10,33685,219,1296,483
10,33933,333,1311,439
10,34293,243,1310,348
10,34569,201,1383,256
10,34798,240,1352,138
10,35079,488,1112,320
10,35607,359,1027,437
10,35996,238,959,506
10,36262,152,872,501
10,36445,667,936,394
10,37140,511,1030,423
10,37683,227,1171,383
10,37933,273,1206,342
10,38239,350,1244,397
10,38616,155,1233,467
10,39016,178,1254,347
10,39239,260,871,428
10,39540,264,597,368
10,39834,338,465,446
10,40208,107,534,286
10,40350,320,735,112
10,40701,149,911,112
10,40894,244,1268,88
10,41172,351,1428,152
10,41565,290,1499,321
10,41901,576,1475,630
10,42512,495,1523,849
10,43464,82,653,286
10,43742,197,258,567
10,43965,161,301,484
10,44160,274,128,629
10,44461,344,166,732
10,44825,237,156,790
10,45103,144,94,665
10,45298,174,87,238
10,45495,152,116,224
10,45825,228,92,248
10,46081,498,194,252
10,46608,212,229,104
10,46835,230,233,66
10,47093,304,341,201
10,47421,249,433,258
10,47690,259,470,268
10,47969,292,488,304
10,48476,240,731,114
10,48757,435,726,420
10,49223,431,826,522
10,49688,167,1017,487
10,49890,687,1202,361
10,50622,408,1021,567
10,51076,101,686,514
10,51227,267,198,243
10,51548,143,76,847
10,51746,108,811,906
10,51920,155,1057,444
10,52107,310,1196,353
10,52449,147,1289,414
10,52828,143,1309,260
10,52999,174,1402,212
10,53209,263,1171,256
10,53507,279,1008,419
10,53812,198,1018,494
10,54051,385,863,481
10,54461,298,908,387
10,54782,199,906,317
10,55015,274,752,392
10,55323,349,562,434
10,55693,175,537,394
10,55897,308,569,317
10,56236,227,686,191
10,56506,173,957,202
10,56719,202,1225,185
10,56956,223,1443,222
10,57229,193,1533,557
10,57459,355,1529,801
10,58098,185,1098,423
10,58315,294,1207,347
10,58642,350,1052,339
10,59019,177,1121,369
10,59222,291,1068,269
10,59540,212,1161,244
10,59766,193,1179,260
10,59986,121,1093,298
11,12,295,787,522
11,353,420,1073,480
11,798,382,984,502
11,1227,178,583,424
11,1452,175,341,298
11,1672,256,59,111
11,1954,126,175,167
11,2230,164,524,401
11,2450,272,215,749
11,2755,290,82,856
11,3092,199,392,598
11,3318,180,389,448
11,3530,152,296,613
11,3705,297,281,657
11,4041,258,126,828
11,4320,353,73,891
11,4703,356,207,955
11,5125,185,1122,916
11,5339,147,1217,867
11,5518,393,1426,782
11,5933,267,1357,825
11,6230,148,1192,918
11,6415,389,1426,789
11,6866,249,1038,421
11,7158,370,1266,271
11,7562,391,1126,357
11,7983,393,922,379
11,8426,344,1384,153
11,8801,214,1275,306
11,9041,411,1320,354
11,9484,398,1435,201
11,9903,322,1389,234
11,10252,304,1301,313
11,10584,646,1409,230
11,11278,176,862,113
11,11488,531,704,104
11,12060,307,931,149
11,12434,271,69,55
11,12734,410,114,178
11,13191,243,539,362
11,13541,156,566,476
11,13732,236,765,480
11,13984,547,735,471
11,14576,347,1017,504
11,14941,280,968,494
11,15254,381,782,523
11,15680,466,455,430
11,16172,544,571,455
11,16742,461,664,447
11,17231,218,555,468
11,17491,795,870,459
11,18329,399,470,428
11,18755,416,579,452
11,19200,625,618,557
11,19848,294,564,494
11,20183,344,453,235
11,20567,405,318,347
11,21003,586,173,353
11,21630,364,154,588
11,22024,460,283,631
11,22514,237,445,504
11,22797,645,544,742
11,23489,185,471,452
11,23705,139,608,471
11,23945,520,624,584
11,24512,268,495,326
11,24825,176,243,176
11,25031,418,93,180
11,25517,407,942,188
11,25969,449,1362,272
11,26441,357,1413,276
11,26860,277,1008,592
11,27166,541,1086,642
11,27751,539,1279,794
11,28322,346,1406,764
11,28705,380,1173,891
11,29138,295,1160,520
11,29465,472,991,494
11,29968,229,843,439
11,30224,276,736,434
11,30543,354,967,481
11,30936,227,1207,510
11,31191,226,1302,537
11,31458,575,1298,328
11,32075,311,993,443
11,32416,503,834,477
11,32950,467,682,438
11,33443,406,587,478
11,33880,300,762,447
11,34210,712,878,446
11,34953,37,997,512
11,35030,145,890,555
11,35203,257,978,527
11,35491,215,909,608
11,35736,291,774,708
11,36058,153,647,752
11,36240,373,543,760
11,36653,282,225,802
11,36961,321,151,859
11,37312,258,314,803
11,37605,192,469,667
11,37847,210,639,427
11,38157,364,625,412
11,38566,579,352,375
11,39192,467,838,417
11,39689,609,714,441
11,40339,718,674,158
11,41083,223,598,154
11,41331,335,635,202
11,41685,313,657,155
11,42047,280,950,143
11,42362,280,751,261
11,42674,359,629,331
11,43054,378,602,266
11,43465,432,706,400
11,43926,475,621,479
11,44433,253,797,455
11,44713,501,898,484
11,45246,138,978,575
11,45415,281,776,599
11,45728,217,959,489
11,45983,334,1169,377
11,46348,225,1034,376
11,46605,189,898,393
11,46823,253,858,480
11,47095,241,917,497
11,47367,627,758,441
11,48036,379,1001,404
11,48442,325,958,498
11,48781,472,937,535
11,49280,260,861,463
11,49579,616,598,446
11,50223,266,634,529
11,50517,627,747,449
11,51191,681,349,423
11,51993,329,244,528
11,52347,277,284,433
11,52654,249,123,376
11,52921,846,167,377
11,53813,396,239,677
11,54271,159,33,242
11,54454,677,101,199
11,55206,289,1185,286
11,55527,272,1330,328
11,55847,175,909,484
11,56054,249,754,471
11,56353,335,1349,343
11,56715,1023,1406,277
11,57775,433,1304,358
11,58311,316,1270,442
11,58645,593,1306,366
11,59266,416,1228,410
11,59712,238,1116,349
11,59969,133,1139,308
12,12,469,806,553
12,618,229,448,487
12,875,235,607,499
12,1142,296,347,477
12,1485,239,711,471
12,1779,350,1264,491
12,2174,236,959,458
12,2458,173,505,502
12,2661,149,635,516
12,2956,144,651,442
12,3127,191,754,489
12,3340,302,709,500
12,3693,194,229,467
12,3916,247,376,473
12,4213,169,208,317
12,4407,239,95,308
12,4668,210,45,249
12,4898,142,73,193
12,5116,421,1160,490
12,5567,341,1107,693
12,5926,133,1073,708
12,6218,334,1092,703
12,6566,118,1102,701
12,6715,221,1018,561
12,6950,177,1042,559
12,7173,468,748,510
12,7685,382,418,489
12,8110,249,264,779
12,8388,167,379,736
12,8814,304,1424,900
12,9150,156,1574,957
12,9450,249,1508,394
12,9721,237,1502,352
12,9999,174,1267,504
12,10229,244,599,523
12,10498,196,639,522
12,10724,303,513,379
12,11092,272,213,698
12,11560,250,245,764
12,11875,217,103,311
12,12116,390,128,302
12,12562,672,692,201
12,13276,170,404,310
12,13469,322,289,268
12,13818,205,224,336
12,14076,223,766,441
12,14329,200,807,544
12,14551,315,751,546
12,14898,222,607,399
12,15148,167,794,380
12,15346,183,998,314
12,15664,276,1154,371
12,15971,416,1339,466
12,16417,284,1254,669
12,16733,249,1367,869
12,17012,197,1249,686
12,17255,285,1117,546
12,17560,164,1092,540
12,17760,250,1378,451
12,18039,248,1476,371
12,18312,211,1518,334
12,18947,340,114,381
12,19313,295,196,418
12,19628,475,184,461
12,20133,169,305,303
12,20333,238,442,473
12,20603,407,630,529
12,21036,283,461,559
12,21364,261,596,468
12,21646,669,523,398
12,22344,372,649,386
12,22740,172,704,323
12,22929,248,693,245
12,23221,276,515,461
12,23519,177,558,434
12,23727,212,445,324
12,23961,348,486,312
12,24337,382,321,298
12,24768,136,508,467
12,24936,292,626,554
12,25262,661,502,782
12,25948,255,421,850
12,26230,324,513,931
12,26581,238,623,789
12,26840,256,639,740
12,27142,238,873,684
12,27434,305,262,815
12,27766,368,175,859
12,28159,377,240,774
12,28561,214,208,704
12,28815,228,276,393
12,29064,232,212,344
12,29325,202,168,467
12,29542,770,174,501
12,30381,239,999,188
12,30636,389,1008,147
12,31101,287,84,198
12,31412,266,99,264
12,31713,196,340,312
12,31981,224,1125,677
12,32234,227,1110,799
12,32479,132,1071,758
12,32744,297,1076,708
12,33061,267,1113,748
12,33370,675,1016,579
12,34085,273,719,529
12,34378,177,757,539
12,34591,399,1005,581
12,35050,242,1358,916
12,35325,474,1530,966
12,35831,399,1387,901
12,36309,420,1408,434
12,36743,167,1402,444
12,36941,248,1309,630
12,37352,281,1394,286
12,37687,188,724,452
12,38047,108,804,467
12,38210,347,1382,351
12,38585,203,1384,234
12,38816,443,1496,203
12,39283,770,1480,264
12,40105,162,1199,487
12,40431,296,1322,506
12,40753,204,1377,526
12,40994,223,1519,293
12,41237,300,1471,293
12,41563,403,1435,188
12,41998,321,1487,286
12,42347,193,1347,331
12,42567,149,1441,318
12,42751,314,1329,580
12,43096,311,1262,717
12,43440,202,1032,889
12,43672,169,1013,699
12,43886,234,1319,649
12,44288,296,1331,585
12,44619,397,1181,780
12,45070,404,1411,324
12,45531,239,1122,841
12,45800,272,1207,968
12,46101,172,1043,929
12,46303,569,1224,997
12,46900,341,1166,998
12,47451,142,1187,950
12,47616,177,1213,969
12,47820,215,1254,901
12,48062,183,1203,972
12,48292,211,1131,737
12,48532,240,1252,613
12,48801,265,1295,423
12,49118,279,861,520
12,49425,193,717,466
12,49633,153,737,459
12,49951,639,642,139
12,50637,277,925,170
12,50972,225,485,467
12,51224,264,588,431
12,51524,497,432,722
12,52060,304,575,814
12,52434,55,254,646
12,52511,113,237,664
12,52649,556,276,684
12,53371,132,277,584
12,53562,263,1099,793
12,53872,375,1289,582
12,54312,236,309,602
12,54566,530,277,651
12,55126,380,356,750
12,55523,230,312,714
12,55774,152,260,688
12,55954,162,321,572
12,56144,610,181,569
12,56800,815,578,436
12,57645,238,350,406
12,57897,384,331,387
12,58295,509,348,367
12,59129,219,1053,737
12,59917,188,297,296
13,12,272,794,502
13,329,196,581,375
13,572,100,1043,411
13,785,172,464,299
13,990,216,350,376
13,1268,207,987,393
13,1590,51,806,332
13,1852,129,423,339
13,2007,137,341,364
13,2195,209,602,275
13,2424,98,548,227
13,2578,134,898,106
13,2756,175,1250,154
13,2991,187,1454,731
13,3245,123,913,371
13,3472,140,362,179
13,3653,266,144,116
13,3982,126,735,316
13,4176,226,114,130
13,4457,173,547,305
13,4710,347,103,126
13,5104,167,554,244
13,5380,215,373,341
13,5629,160,569,266
13,5811,117,527,198
13,5959,478,609,387
13,6479,230,334,373
13,6736,139,389,348
13,6984,183,433,274
13,7228,224,973,349
13,7483,150,798,377
13,7672,614,994,412
13,8331,166,1225,262
13,8609,269,1220,187
13,8905,185,1318,260
13,9131,273,1129,176
13,9444,192,1324,202
13,9678,166,1151,137
13,9959,192,649,46
13,10222,281,1402,173
13,10558,253,1031,497
13,10849,226,1030,594
13,11134,190,601,367
13,11362,128,406,308
13,11545,263,249,667
13,11850,158,471,671
13,12074,209,1312,770
13,12398,163,886,287
13,12619,216,399,270
13,12857,143,352,332
13,13045,205,96,139
13,13310,210,693,53
13,13645,205,856,33
13,13881,139,707,28
13,14081,244,980,539
13,14367,278,859,418
13,14672,167,753,371
13,14887,144,524,47
13,15086,229,65,127
13,15423,112,522,284
13,15669,170,369,383
13,15860,123,308,389
13,16021,166,543,308
13,16209,158,471,260
13,16425,260,934,360
13,16740,151,1227,336
13,16932,285,1442,240
13,17256,127,1284,103
13,17451,168,1437,764
13,17643,479,1347,741
13,18273,141,1326,733
13,18447,226,1158,721
13,18708,361,1354,720
13,19101,124,1484,773
13,19264,339,1329,722
13,19623,239,1338,767
13,19887,169,1268,770
13,20072,222,1307,776
13,20320,285,1382,702
13,20628,182,1460,703
13,20831,231,1511,746
13,21213,212,1138,188
13,21486,126,684,47
13,21676,260,102,102
13,21975,108,48,192
13,22134,313,242,624
13,22484,184,133,666
13,22721,145,404,303
13,22897,178,556,235
13,23101,160,431,255
13,23289,172,324,322
13,23583,148,354,272
13,23773,144,549,373
13,23951,193,482,222
13,24174,499,574,208
13,24698,157,446,253
13,24893,342,323,364
13,25276,174,528,387
13,25570,362,590,398
13,25957,182,493,314
13,26179,328,311,361
13,26553,350,165,629
13,26932,181,268,621
13,27278,205,198,203
13,27507,172,180,87
13,27811,221,627,57
13,28099,201,268,608
13,28333,264,121,639
13,28629,140,241,654
13,28827,239,76,229
13,29121,205,252,610
13,29364,488,122,682
13,29878,461,55,764
13,30360,185,134,751
13,30664,215,215,585
13,30901,294,129,597
13,31218,194,77,538
13,31444,293,208,655
13,31877,242,139,667
13,32151,223,115,734
13,32419,456,29,793
13,32910,295,189,702
13,33230,424,201,604
13,33701,227,79,274
13,33950,112,127,206
13,34119,113,609,249
13,34364,161,498,263
13,34579,209,322,617
13,34821,203,366,744
13,35061,291,189,804
13,35394,276,437,678
13,35836,184,414,583
13,36052,229,555,541
13,36325,167,321,597
13,36528,308,137,647
13,36861,192,234,639
13,37095,290,474,608
13,37406,176,388,617
13,37620,131,418,426
13,37778,213,301,379
13,38036,257,421,623
13,38315,346,365,663
13,38682,229,426,693
13,38933,151,504,720
13,39123,146,648,546
13,39289,192,597,574
13,39635,300,798,449
13,39960,159,708,394
13,40162,138,969,446
13,40348,255,866,103
13,40650,178,1177,164
13,40866,225,1408,162
13,41136,224,1127,183
13,41502,403,1046,202
13,41927,155,1106,216
13,42125,173,1302,314
13,42345,174,906,451
13,42687,232,632,167
13,42944,257,623,69
13,43229,181,734,53
13,43431,282,668,30
13,43763,176,216,47
13,44001,351,936,132
13,44400,207,757,312
13,44645,317,964,392
13,45084,148,1014,347
13,45261,436,966,433
13,45731,71,790,325
13,45858,178,411,318
13,46059,136,327,333
13,46239,187,682,256
13,46474,292,1146,171
13,46802,149,1352,167
13,47088,276,979,263
13,47387,277,913,222
13,47706,305,1162,184
13,48042,197,1043,199
13,48265,188,956,252
13,48485,242,894,109
13,48746,264,953,88
13,49054,139,1234,74
13,49237,489,950,36
13,49787,154,354,171
13,49982,246,117,173
13,50278,127,308,449
13,50438,163,188,627
13,50657,120,313,169
13,50804,176,217,181
13,51027,223,555,161
13,51305,232,984,98
13,51639,248,1219,99
13,51945,381,1339,681
13,52353,142,1286,618
13,52525,507,1382,714
13,53085,101,1199,221
13,53229,232,989,126
13,53480,325,942,67
13,53872,335,202,224
13,54226,512,232,150
13,54780,207,273,371
13,55006,147,336,368
13,55190,117,573,285
13,55331,349,509,202
13,55714,198,679,168
13,55926,402,650,168
13,56395,262,44,163
13,56677,120,107,166
13,56850,207,176,601
13,57088,149,97,678
13,57296,429,67,186
13,57780,297,507,587
13,58201,276,444,613
13,58497,134,516,624
13,58700,189,1263,642
13,58928,263,1478,713
13,59239,172,1416,531
13,59475,225,619,441
13,59744,253,543,217
13,60056,40,1191,216
14,12,234,797,534
14,301,181,551,345
14,539,103,983,343
14,704,236,429,378
14,979,201,306,409
14,1236,239,1145,236
14,1534,158,957,421
14,1732,136,811,398
14,1901,144,754,464
14,2109,197,314,593
14,2348,135,358,400
14,2531,145,269,46
14,2933,108,961,8
14,3092,344,1100,366
14,3471,195,1048,205
14,3725,203,1389,149
14,3997,193,934,420
14,4265,301,1416,808
14,4607,168,1541,785
14,4812,203,1412,732
14,5090,205,972,96
14,5339,123,748,66
14,5534,207,1450,46
14,5792,165,1367,145
14,6017,185,994,234
14,6255,312,771,338
14,6629,223,462,402
14,6986,110,409,364
14,7133,165,332,404
14,7339,276,182,603
14,7654,224,391,683
14,7939,140,336,308
14,8109,182,312,347
14,8335,110,266,476
14,8483,544,227,580
14,9059,227,348,347
14,9330,128,302,179
14,9500,257,138,153
14,9794,174,358,276
14,10008,113,513,174
14,10150,250,732,17
14,10441,179,571,171
14,10647,289,658,206
14,10978,282,555,259
14,11302,137,494,433
14,11488,476,239,638
14,12002,65,179,614
14,12135,379,970,363
14,12568,157,1129,198
14,12825,136,1327,135
14,13026,178,1002,589
14,13256,340,861,382
14,13632,321,770,428
14,14007,201,238,719
14,14251,172,154,867
14,14481,248,591,899
14,14768,252,419,914
14,15066,312,749,879
14,15455,204,516,36
14,15707,137,238,154
14,15893,425,742,45
14,16441,282,774,32
14,16761,315,704,59
14,17101,264,771,70
14,17414,539,721,72
14,17999,90,639,37
14,18132,140,233,81
14,18320,149,110,99
14,18497,299,115,25
14,18845,223,332,36
14,19100,393,607,16
14,20019,153,1531,909
14,20238,91,1087,827
14,20389,409,624,914
14,20827,162,757,954
14,21047,151,1308,882
14,21223,351,1387,722
14,21615,222,1566,792
14,21866,94,1434,698
14,22060,62,1426,711
14,22165,301,1229,840
14,22508,446,974,683
14,22982,99,1084,644
14,23276,260,1113,634
14,23594,97,921,407
14,23734,465,726,452
14,24245,133,1016,451
14,24445,230,508,478
14,24700,223,551,487
14,24956,231,495,315
14,25243,204,317,387
14,25489,329,176,547
14,25974,338,258,483
14,26328,453,265,488
14,26840,246,552,315
14,27135,386,393,394
14,27673,188,443,456
14,27972,925,564,468
14,28935,139,309,532
14,29088,39,306,509
14,29165,102,181,581
14,29322,309,524,457
14,29676,120,461,364
14,29838,148,296,417
14,30016,301,317,416
14,30358,420,234,614
14,30809,429,339,389
14,31304,342,902,440
14,31666,150,975,407
14,31843,331,854,361
14,32210,297,1208,242
14,32543,266,1183,135
14,32849,222,1066,211
14,33216,106,1061,219
14,33373,410,985,416
14,33841,302,1291,153
14,34174,738,1481,139
14,34940,134,1393,160
14,35111,484,1489,103
14,36410,172,987,51
14,36623,236,760,48
14,36901,229,415,61
14,37181,237,154,103
14,37453,205,118,144
14,37719,293,687,148
14,38065,45,572,353
14,38148,142,536,651
14,38346,174,595,901
14,38590,118,1131,892
14,38747,158,1375,746
14,38974,169,1186,153
14,39202,242,869,401
14,39494,199,541,377
14,39755,213,958,433
14,40010,219,1121,528
14,40367,190,1077,543
14,40588,624,1208,547
14,41255,240,1064,531
14,41528,224,1155,549
14,41791,198,1057,614
14,42018,365,1094,835
14,42428,205,1312,658
14,42695,126,1001,633
14,42873,239,1385,623
14,43139,223,1448,762
14,43399,147,1526,801
14,43609,268,1156,847
14,43935,433,1529,760
14,44398,400,1588,751
14,44982,358,1502,698
14,45383,582,1368,722
14,45994,130,1496,688
14,46196,330,1491,54
14,46585,298,1372,211
14,47042,180,1449,97
14,47261,223,1290,176
14,47524,191,1143,151
14,47760,376,1026,45
14,48406,89,499,60
14,48530,65,409,348
14,48634,485,348,507
14,49179,236,660,133
14,49480,328,175,124
14,49857,179,185,163
14,50103,102,675,35
14,50275,190,168,17
14,50532,89,701,76
14,50688,223,411,321
14,50958,167,301,487
14,51163,183,147,587
14,51390,300,138,659
14,51723,335,105,727
14,52087,176,213,711
14,52292,116,202,707
14,52429,113,201,642
14,52575,205,153,566
14,52800,163,218,567
14,53101,152,266,409
14,53291,264,386,378
14,53598,258,537,282
14,53886,182,696,98
14,54097,243,670,163
14,54379,336,419,153
14,54755,322,273,163
14,55111,189,242,203
14,55347,203,241,444
14,55596,208,189,598
14,55834,242,331,429
14,56123,275,197,719
14,56458,265,302,387
14,56751,370,310,392
14,57174,1089,1217,790
14,58324,184,369,363
14,58544,210,298,359
14,58803,259,816,397
14,59111,198,631,449
14,59341,158,573,482
14,59571,129,1034,399
14,59737,271,966,448
15,12,296,794,449
15,344,237,654,337
15,620,270,416,202
15,946,158,1200,294
15,1134,221,1347,284
15,1378,132,1282,266
15,1563,368,702,172
15,2003,260,1107,568
15,2301,187,1293,898
15,2515,413,1397,884
15,3113,288,595,587
15,3456,192,141,598
15,3691,277,76,88
15,3987,110,46,52
15,4131,222,315,93
15,4377,281,396,94
15,4692,181,553,224
15,4918,150,852,332
15,5100,358,1014,369
15,5507,46,1114,694
15,5695,208,1098,623
15,5941,180,1216,934
15,6185,203,1094,156
15,6455,87,742,64
15,6579,235,556,59
15,6856,119,886,72
15,7026,232,1372,153
15,7395,199,1410,191
15,7614,319,1433,150
15,7949,457,1423,194
15,8420,224,1395,166
15,8720,190,63,1
15,8932,141,17,11
15,9207,258,176,49
15,9516,139,497,58
15,9682,405,589,47
15,10613,131,95,456
15,10807,106,804,997
15,10978,220,1449,966
15,11388,128,1335,852
15,11547,225,1161,954
15,11946,464,505,359
15,12454,319,438,937
15,12823,822,618,696
15,13691,63,296,543
15,13907,188,297,581
15,14138,571,138,46
15,14748,250,465,67
15,15025,268,582,63
15,15313,129,616,67
15,15553,514,956,102
15,16083,178,921,111
15,16311,392,1399,182
15,16718,328,1418,193
15,17168,247,1418,227
15,17431,534,1472,239
15,18022,500,984,139
15,19180,165,30,71
15,19383,285,117,228
15,19700,214,83,42
15,19930,699,126,30
15,20669,259,342,77
15,20946,54,382,66
15,21197,151,382,164
15,21377,306,315,173
15,21855,111,324,206
15,22004,370,188,415
15,22410,354,263,141
15,22794,204,492,234
15,23022,240,559,237
15,23307,230,892,304
15,23587,119,1224,263
15,23734,235,1346,234
15,24016,473,1071,272
15,24510,80,1017,272
15,24631,151,1173,255
15,24804,325,1151,199
15,25262,265,287,202
15,25544,157,251,155
15,25737,254,86,338
15,26026,129,147,568
15,26217,144,410,59
15,26387,279,504,52
15,26823,127,864,101
15,27009,246,374,139
15,27275,534,400,89
15,27876,187,1038,639
15,28112,234,1323,812
15,28381,135,1196,977
15,28572,191,734,998
15,28989,205,48,909
15,29240,232,96,543
15,30285,171,93,4
15,30506,217,543,61
15,30770,489,1007,119
15,31282,464,1060,141
15,31763,424,1092,126
15,32242,320,395,83
15,32590,255,299,94
15,32897,247,837,348
15,33170,208,961,347
15,33405,120,876,218
15,33675,389,985,230
15,34092,224,1041,374
15,34360,255,945,672
15,34661,107,754,341
15,34823,467,1317,196
15,35311,720,1413,208
15,36060,301,1309,214
15,36388,219,1423,210
15,36622,438,1447,184
15,37106,179,1443,335
15,37328,36,1303,503
15,37527,140,1268,699
15,37701,72,1060,723
15,37954,355,1117,949
15,38364,225,594,990
15,38723,231,310,92
15,38995,171,101,33
15,39529,389,277,214
15,39955,269,96,381
15,40273,223,471,841
15,40527,57,593,638
15,40717,146,575,325
15,40896,278,517,124
15,41195,93,441,86
15,41318,324,587,87
15,41681,661,814,106
15,42462,95,891,152
15,42620,238,57,51
15,42875,322,101,43
15,43243,318,530,112
15,43611,243,156,713
15,43888,133,153,571
15,44060,153,452,708
15,44346,271,1389,854
15,44748,187,1121,949
15,45003,304,764,255
15,45341,356,698,331
15,45719,381,714,392
15,46141,163,1026,482
15,46458,172,814,307
15,46660,881,698,318
15,47702,479,706,313
15,48201,296,752,288
15,48555,300,1267,649
15,48879,124,1183,601
15,49064,400,1389,253
15,49488,519,1484,264
15,50029,49,1485,252
15,50210,156,1472,304
15,50414,312,1225,558
15,50757,365,1144,618
15,51148,677,1050,531
15,51870,379,981,190
15,52265,142,931,198
15,52532,90,942,177
15,52688,322,7,11
15,53060,191,117,872
15,53299,268,185,646
15,53591,272,251,614
15,54027,194,478,672
15,54253,173,316,739
15,54450,391,254,696
15,54878,138,464,739
15,55190,243,1206,921
15,55497,217,494,924
15,55742,231,379,778
15,56013,215,123,840
15,56300,356,269,104
15,56820,368,231,317
15,57223,156,114,61
15,57397,389,83,2
15,57916,580,127,9
15,59328,764,109,7
16,12,280,798,527
16,336,183,471,466
16,576,205,1060,671
16,811,145,962,431
16,1096,164,1164,313
16,1319,224,507,387
16,1573,269,609,472
16,1870,207,719,487
16,2231,152,766,487
16,2435,107,464,272
16,2604,394,1140,264
16,3033,178,935,242
16,3255,220,894,494
16,3514,232,1035,664
16,3789,130,996,514
16,4050,66,982,489
16,4177,199,1247,846
16,4406,253,1371,797
16,4719,291,1273,208
16,5044,161,1304,315
16,5234,161,1413,283
16,5448,141,850,293
16,5619,176,661,159
16,5840,172,381,426
16,6043,211,542,459
16,6374,115,276,467
16,6522,86,202,634
16,6785,95,252,594
16,6909,283,362,424
16,7221,249,481,354
16,7515,387,216,268
16,7940,156,293,440
16,8137,186,110,236
16,8478,247,304,559
16,8792,143,645,933
16,9008,166,861,482
16,9195,36,867,497
16,9271,142,1052,673
16,9434,273,1048,679
16,9764,299,1208,303
16,10095,315,1032,437
16,10439,231,958,522
16,10726,340,722,174
16,11093,1309,678,141
16,12531,698,698,123
16,13273,291,319,148
16,13603,184,375,341
16,13825,377,126,184
16,14230,136,259,211
16,14422,387,582,486
16,14838,197,492,367
16,15178,244,535,381
16,15459,302,543,567
16,15790,136,578,444
16,15955,374,503,284
16,16369,276,318,445
16,16682,129,574,496
16,16862,327,698,123
16,17231,339,589,257
16,17616,272,974,276
16,17928,125,859,467
16,18103,346,364,623
16,18480,184,498,621
16,18732,233,1277,876
16,19029,291,231,581
16,19353,120,147,744
16,19656,114,205,708
16,19811,260,507,703
16,20118,282,307,441
16,20435,231,179,605
16,20728,224,326,422
16,20980,243,218,278
16,21401,400,306,687
16,21856,526,103,214
16,22455,322,379,708
16,22831,366,538,735
16,23240,180,386,719
16,23456,390,165,791
16,23882,191,276,837
16,24138,284,973,782
16,24463,65,1078,749
16,24683,103,1108,699
16,24833,249,979,511
16,25127,319,1292,348
16,25474,225,1461,313
16,25735,304,1341,402
16,26099,87,1207,857
16,26247,85,1207,866
16,26390,91,1246,695
16,26505,119,1244,682
16,26667,181,900,886
16,26901,218,1336,264
16,27151,191,1478,276
16,27379,314,1322,474
16,27721,277,1355,559
16,28020,291,1301,603
16,28339,256,1252,691
16,28633,221,1198,733
16,28882,255,1107,838
16,29167,264,939,900
16,29471,100,1211,959
16,29596,34,1215,979
16,29793,28,1389,870
16,30165,124,1406,824
16,30512,62,1403,842
16,30976,96,1390,852
16,31135,66,1438,872
16,31306,23,1526,893
16,33087,306,1510,252
16,33505,354,942,191
16,33880,538,964,147
16,34439,208,1012,115
16,34679,172,907,152
16,34873,259,949,191
16,35165,329,978,356
16,35529,181,956,485
16,35738,91,1021,554
16,35984,237,1029,553
16,36254,71,1061,711
16,36377,214,687,533
16,36632,329,885,719
16,37009,276,1017,609
16,37316,226,1085,549
16,37571,158,988,569
16,37846,223,1083,568
16,38098,187,1151,516
16,38310,197,1198,425
16,38554,242,812,544
16,38968,347,1154,254
16,39336,963,1180,264
16,40316,365,1121,213
16,40806,563,1102,197
16,41394,275,1148,171
16,41700,528,1181,241
16,42372,249,1196,241
16,42661,209,1303,326
16,42898,429,1207,302
16,43360,148,1329,403
16,43666,192,1383,384
16,43883,130,1372,379
16,44038,224,1453,275
16,44321,236,1180,536
16,44598,327,787,442
16,44959,282,565,434
16,45276,299,766,519
16,45612,42,877,719
16,45669,66,879,724
16,45904,198,523,728
16,46131,296,613,738
16,46460,303,552,870
16,46785,533,586,768
16,47344,320,606,688
16,47683,189,634,651
16,47897,187,568,693
16,48113,283,401,675
16,48433,1165,566,697
16,49626,120,503,705
16,49903,219,363,714
16,50147,685,282,708
16,50876,26,337,418
16,50921,223,334,416
16,51174,193,175,338
16,51393,556,113,213
16,51976,62,135,193
16,52055,512,133,173
16,52583,101,133,164
16,52698,561,118,244
16,53275,975,93,292
16,54280,138,206,282
16,54492,135,1352,397
16,54709,48,1441,867
16,54775,57,1419,834
16,54863,56,1531,852
16,54949,30,1518,858
16,55166,275,432,315
16,55606,979,227,257
16,56600,281,249,202
16,56901,333,264,183
16,57261,227,437,147
16,57520,566,281,207
16,58100,111,283,144
16,58241,230,317,47
16,58489,211,293,76
16,58730,226,420,141
16,58994,301,350,422
16,59331,243,166,521
16,59598,88,120,559
16,59718,280,125,582
17,12,455,796,516
17,505,398,1023,440
17,950,510,499,353
17,1506,284,763,248
17,1836,284,1231,256
17,2152,273,1068,374
17,2471,270,502,380
17,2769,212,416,398
17,3036,347,979,382
17,3415,493,844,387
17,3964,191,1406,682
17,4275,129,886,362
17,4545,357,845,397
17,4932,360,961,387
17,5326,471,727,369
17,5828,394,572,399
17,6271,323,823,393
17,6705,164,702,437
17,7042,544,1214,362
17,7625,134,1371,277
17,7817,81,738,117
17,8079,1152,454,438
17,9261,238,313,369
17,9532,303,137,269
17,9879,233,83,76
17,10132,178,80,46
17,10368,151,778,169
17,10571,820,1298,213
17,11421,245,1418,229
17,11711,360,1158,372
17,12101,136,1017,441
17,12251,397,987,483
17,12675,306,907,559
17,13017,274,1019,724
17,13314,528,1064,702
17,13882,275,946,704
17,14200,367,839,870
17,14585,426,808,895
17,15052,250,1187,867
17,15335,452,1353,811
17,15802,157,1379,802
17,15990,415,1505,812
17,16436,332,1356,793
17,16813,221,1298,504
17,17070,323,1322,344
17,17423,480,1420,259
17,17945,516,1193,282
17,18494,454,1008,274
17,18970,329,954,358
17,19323,456,968,441
17,19807,1033,904,381
17,20877,301,991,299
17,21209,186,907,161
17,21427,262,722,123
17,21739,232,1179,137
17,22022,232,553,253
17,22291,325,493,382
17,22643,217,565,437
17,23079,256,401,431
17,23377,310,573,471
17,23717,285,455,284
17,24019,259,480,264
17,24312,299,286,139
17,24634,372,321,88
17,25049,344,670,99
17,25443,286,394,293
17,25758,365,351,407
17,26159,196,129,217
17,26397,338,67,40
17,27316,425,60,162
17,27800,261,64,776
17,28093,593,34,889
17,28722,352,272,859
17,29373,510,68,895
17,29909,1079,14,926
17,31004,1176,33,952
17,32354,703,46,943
17,33077,257,69,903
17,33351,437,47,921
17,33845,330,706,966
17,34211,219,528,817
17,34493,230,66,172
17,34760,266,42,85
17,35052,470,88,174
17,35573,314,787,93
17,35914,334,664,107
17,36294,279,604,408
17,36598,293,552,426
17,36922,479,386,394
17,37442,75,382,188
17,37678,173,375,252
17,37889,414,667,452
17,38330,367,578,463
17,38725,320,486,382
17,39075,146,597,442
17,39255,553,796,501
17,39832,359,763,557
17,40225,397,611,649
17,40654,242,439,661
17,40942,484,321,657
17,41455,167,226,634
17,41677,310,788,473
17,42013,415,713,449
17,42472,469,796,204
17,42968,443,666,136
17,43447,270,938,204
17,43754,438,1027,391
17,44224,439,881,383
17,44689,312,944,453
17,45029,384,820,406
17,45453,316,477,430
17,45793,240,525,433
17,46054,538,559,414
17,46616,404,570,421
17,47077,113,272,397
17,47246,561,875,418
17,47825,362,842,393
17,48213,212,860,450
17,48452,612,758,476
17,49096,201,913,491
17,49486,442,977,527
17,49951,445,1006,447
17,50426,660,1127,412
17,51113,415,1013,401
17,51565,554,1263,312
17,52297,1039,1226,302
17,53367,649,1239,413
17,54043,439,1269,438
17,54510,383,1224,523
17,54927,580,1259,365
17,55533,314,1162,388
17,55877,597,1039,396
17,56502,362,941,353
17,56885,299,903,305
17,57215,366,911,455
17,57607,299,981,407
17,57924,384,930,441
17,58341,545,898,352
17,58921,336,876,211
17,59274,199,886,144
17,59502,520,865,47
17,60046,44,801,16
18,12,91,793,466
18,120,240,849,481
18,382,150,730,422
18,594,284,1467,775
18,952,254,658,448
18,1235,267,811,434
18,1546,208,1129,535
18,1771,150,1096,572
18,1960,111,867,433
18,2086,140,861,450
18,2255,265,703,428
18,2540,365,787,421
18,2955,217,1125,568
18,3218,276,787,481
18,3547,230,602,371
18,3799,235,658,439
18,4077,486,932,414
18,4593,287,767,433
18,4910,335,613,363
18,5280,289,813,402
18,5583,511,783,406
18,6113,169,733,383
18,6296,167,786,391
18,6532,301,1561,839
18,6892,217,1122,581
18,7158,321,759,436
18,7503,204,855,403
18,7747,229,583,369
18,8052,262,1308,440
18,8366,416,968,530
18,8802,742,891,514
18,9580,858,648,436
18,10490,415,1005,513
18,10923,401,1035,461
18,11348,237,945,485
18,11624,553,734,479
18,12201,366,793,418
18,12597,193,668,367
18,12819,263,538,412
18,13114,201,673,427
18,13341,806,771,402
18,14177,286,604,355
18,14529,403,1181,551
18,14975,350,864,512
18,15364,510,616,486
18,15893,222,646,411
18,16154,455,909,451
18,16650,412,655,435
18,17119,137,1063,556
18,17309,114,1485,762
18,17487,295,904,447
18,17832,321,508,408
18,18177,590,647,391
18,18782,202,631,406
18,19049,179,1268,456
18,19285,249,1578,869
18,19595,237,1016,549
18,19881,372,628,417
18,20303,297,984,489
18,20630,450,1084,627
18,21132,218,733,424
18,21371,180,679,323
18,21614,384,1245,359
18,22036,394,1060,570
18,22482,199,822,363
18,22699,355,767,392
18,23106,203,1172,588
18,23334,273,1083,632
18,23654,248,799,358
18,23920,846,762,406
18,24783,196,764,399
18,25024,216,972,276
18,25292,255,1274,417
18,25582,544,1075,644
18,26178,294,701,351
18,26493,249,691,408
18,26761,588,753,418
18,27411,463,1258,469
18,27895,281,1254,566
18,28203,222,1139,582
18,28440,278,1089,598
18,28775,724,608,439
18,29581,304,1529,556
18,29937,290,1076,479
18,30252,275,1009,432
18,30586,406,1419,297
18,31045,534,1073,677
18,31638,253,532,458
18,31912,887,602,438
18,32813,232,542,432
18,33071,139,438,427
18,33232,173,348,406
18,33462,476,227,104
18,34016,272,1244,298
18,34331,346,1453,181
18,34696,108,1501,127
18,34874,193,706,300
18,35111,234,920,482
18,35378,280,1107,659
18,35707,412,744,500
18,36143,552,838,444
18,36726,609,641,418
18,37378,215,897,411
18,37608,152,899,393
18,37894,386,942,429
18,38324,182,582,457
18,38528,221,648,433
18,38805,361,1093,569
18,39330,476,847,499
18,39837,124,638,439
18,39978,97,636,450
18,40092,475,637,429
18,40593,216,637,433
18,40883,282,1387,672
18,41218,372,846,508
18,41606,99,847,489
18,41721,255,849,489
18,42016,419,576,373
18,42502,317,1119,609
18,42882,268,767,431
18,43180,377,590,416
18,43610,176,989,658
18,43813,149,1094,709
18,43979,151,1093,642
18,44164,177,1217,862
18,44395,204,823,889
18,44763,243,1022,377
18,45036,250,1172,416
18,45345,212,566,491
18,45590,301,365,679
18,45947,646,499,329
18,46627,488,656,148
18,47166,441,906,495
18,47649,679,613,459
18,48392,450,1213,302
18,48877,89,1026,428
18,48985,174,1029,459
18,49175,371,995,416
18,49587,401,1102,650
18,50179,384,1136,665
18,50616,424,724,662
18,51084,527,567,535
18,51739,91,214,868
18,51851,119,209,907
18,52018,162,459,727
18,52244,317,990,437
18,52615,220,1367,257
18,52889,145,854,484
18,53064,486,737,436
18,53576,162,643,433
18,53758,164,569,380
18,53953,267,506,257
18,54254,310,683,106
18,54624,421,1307,232
18,55069,363,1299,300
18,55492,329,926,588
18,55874,187,610,819
18,56106,235,783,415
18,56396,418,329,644
18,56867,257,352,334
18,57153,204,223,225
18,57420,167,798,188
18,57610,147,761,118
18,57819,1057,1274,351
18,58947,1158,766,639
19,12,398,809,526
19,440,677,904,502
19,1139,75,962,509
19,1497,208,1006,531
19,1740,284,1077,396
19,2044,197,1073,306
19,2273,553,1224,299
19,3055,372,1279,286
19,3452,287,1339,254
19,3763,277,1375,287
19,4070,293,1282,244
19,4584,336,1318,342
19,4936,81,1315,311
19,5048,261,1426,297
19,5336,447,1442,199
19,5803,634,1496,196
19,6463,166,1526,187
19,6838,258,1500,198
19,7146,216,1432,357
19,7416,306,1428,655
19,7768,305,1366,789
19,8094,695,1422,773
19,8822,259,1533,779
19,9135,229,1244,829
19,9410,34,1413,813
19,9715,171,1279,810
19,9918,293,1395,747
19,10236,266,1429,772
19,10540,280,1173,739
19,10850,769,1087,649
19,11644,351,1072,596
19,12032,238,1294,525
19,12323,171,1421,314
19,12537,246,1445,141
19,12798,60,1438,127
19,12917,237,1089,345
19,13188,368,990,372
19,13574,298,1001,342
19,13923,302,862,530
19,14248,174,818,476
19,14447,280,945,453
19,14754,202,1011,401
19,14984,295,898,417
19,15318,503,753,454
19,15867,634,707,87
19,16541,48,507,265
19,16604,221,510,244
19,16865,287,328,220
19,17192,596,156,208
19,17814,209,251,224
19,18073,93,396,422
19,18374,147,448,447
19,18550,299,532,365
19,18883,292,618,434
19,19224,260,555,588
19,19527,438,438,662
19,20002,382,271,802
19,20410,241,332,767
19,20686,191,474,667
19,20912,1369,256,664
19,22318,285,421,688
19,22633,415,538,832
19,23078,395,574,697
19,23490,503,528,659
19,24019,223,588,704
19,24282,537,463,866
19,24859,268,339,732
19,25149,245,282,723
19,25444,368,446,513
19,26073,145,577,455
19,26248,148,561,379
19,26605,162,579,328
19,26791,318,550,277
19,27152,367,643,416
19,27550,220,753,403
19,27794,138,689,336
19,27979,279,734,188
19,28306,441,1039,244
19,28810,355,476,358
19,29195,151,542,269
19,29547,279,557,239
19,29841,238,554,198
19,30105,225,619,222
19,30360,195,703,148
19,30588,213,727,22
19,30858,321,344,150
19,31208,372,272,212
19,31612,338,139,163
19,32006,332,406,439
19,32394,233,584,716
19,32668,334,326,704
19,33032,626,416,685
19,33691,235,600,623
19,33966,148,681,537
19,34148,225,614,382
19,34416,207,787,410
19,34656,282,954,438
19,34967,298,1029,427
19,35301,380,1197,256
19,35711,252,1269,311
19,35995,267,1404,210
19,36286,176,1467,187
19,36509,236,1276,301
19,36773,158,1168,303
19,36989,138,810,401
19,37168,207,557,291
19,37402,294,518,230
19,37771,326,966,439
19,38128,259,854,487
19,38417,444,744,426
19,38898,456,1007,448
19,39405,410,1065,644
19,40050,167,1089,588
19,40250,509,889,532
19,40789,257,827,433
19,41083,204,959,503
19,41312,509,1017,468
19,41874,233,1092,687
19,42123,317,1069,639
19,42475,259,1214,847
19,42765,173,1304,769
19,42969,154,1405,714
19,43165,236,1325,441
19,43435,130,1300,340
19,43597,418,1452,210
19,44079,261,989,371
19,44380,278,1221,409
19,44688,421,1340,346
19,45140,425,1459,206
19,45609,196,1254,298
19,45858,255,1037,385
19,46142,171,975,463
19,46352,255,775,527
19,46633,147,762,426
19,46815,275,554,293
19,47113,191,531,243
19,47336,237,655,164
19,47603,322,734,101
19,47984,316,965,520
19,48328,373,1006,457
19,48762,394,618,672
19,49194,181,581,571
19,49430,263,293,187
19,49714,123,256,187
19,49917,273,652,256
19,50243,211,911,416
19,50491,301,1011,489
19,50846,290,742,436
19,51197,300,1095,681
19,51547,224,1113,381
19,51803,206,1219,284
19,52041,492,1386,327
19,52560,395,1318,417
19,52995,220,1214,233
19,53446,200,1363,266
19,53701,350,1061,329
19,54079,208,1060,225
19,54316,347,1134,168
19,54696,224,1041,230
19,54974,230,933,505
19,55239,229,836,443
19,55522,151,580,424
19,55737,191,1063,647
19,55982,216,1379,742
19,56235,141,1538,787
19,56433,216,1109,747
19,56687,539,1006,563
19,57263,50,1171,564
19,57524,233,923,668
19,57789,206,868,543
19,58036,316,505,553
19,58400,223,568,371
19,58658,448,773,478
19,59141,212,981,452
19,59573,534,831,482
20,12,341,801,525
20,381,389,694,463
20,803,687,955,476
20,1514,234,853,572
20,1790,492,1064,708
20,2309,216,1180,729
20,2557,132,1358,809
20,2748,279,753,199
20,3058,211,586,218
20,3314,299,384,268
20,3648,320,159,201
20,4140,339,723,294
20,4507,198,608,393
20,4739,293,825,469
20,5065,525,1006,527
20,5620,264,1147,632
20,6026,522,1252,498
20,6586,416,1262,331
20,7026,198,1345,263
20,7288,262,797,106
20,7729,451,733,129
20,8210,269,899,262
20,8515,540,1159,502
20,9081,134,1067,487
20,9380,223,648,427
20,9628,317,582,481
20,9988,291,253,497
20,10316,255,126,225
20,10595,253,76,169
20,10875,233,58,85
20,11130,615,82,154
20,11787,179,179,493
20,11997,174,101,649
20,12204,260,91,814
20,12491,122,185,863
20,12790,235,547,839
20,13676,403,1513,883
20,14111,126,1562,951
20,14281,315,1171,997
20,14628,288,1064,746
20,14949,419,981,564
20,15395,378,995,437
20,15795,221,926,382
20,16044,203,1099,340
20,16279,316,1271,377
20,16623,370,1390,308
20,17038,301,1128,337
20,17371,296,1271,406
20,17693,296,1372,384
20,18014,190,1448,366
20,18258,365,963,100
20,18647,190,899,91
20,18869,398,708,66
20,19292,526,645,107
20,19838,443,691,96
20,20311,400,528,261
20,20734,279,599,299
20,21040,558,508,354
20,21623,149,477,438
20,21927,168,477,311
20,22122,413,369,429
20,22559,239,476,429
20,22820,304,510,368
20,23155,228,546,548
20,23417,562,503,389
20,24006,542,622,410
20,24596,316,483,648
20,24946,154,540,433
20,25128,187,654,301
20,25354,319,953,296
20,25704,249,977,152
20,25986,480,1214,317
20,26489,117,1271,312
20,26636,435,1430,311
20,27105,337,1332,474
20,27466,251,1296,579
20,27736,278,1308,495
20,28195,225,1207,387
20,28449,412,1024,506
20,28891,203,1146,465
20,29139,250,1351,641
20,29415,131,1258,671
20,29582,454,1098,838
20,30064,87,1190,885
20,30374,115,1177,836
20,30530,479,1357,859
20,31036,335,1483,882
20,31400,171,1396,847
20,31614,210,1158,948
20,31856,259,1019,764
20,32148,418,982,551
20,32591,407,961,498
20,33150,199,919,258
20,33385,508,904,123
20,33931,307,963,426
20,34265,299,1048,482
20,34589,243,1121,435
20,34861,561,1152,296
20,35444,133,1213,317
20,35609,206,1346,253
20,35843,184,1213,266
20,36063,350,1506,251
20,36439,237,1445,249
20,36706,362,1329,386
20,37094,303,1411,301
20,37445,251,1124,483
20,37724,282,997,511
20,38059,364,529,533
20,38469,511,201,727
20,39010,277,281,880
20,39338,307,434,584
20,39672,286,484,439
20,40005,393,197,534
20,40567,356,561,218
20,40950,699,676,157
20,41679,283,724,296
20,41994,344,523,449
20,42370,309,277,465
20,42705,139,164,524
20,42872,142,332,471
20,43068,235,936,586
20,43317,691,981,547
20,44027,428,916,522
20,44477,168,857,492
20,44676,332,1050,463
20,45024,264,1095,453
20,45315,417,1044,323
20,45760,231,1149,337
20,46019,435,1254,362
20,46499,140,993,302
20,46740,146,667,53
20,47097,347,589,288
20,47476,399,572,489
20,48053,237,528,408
20,48330,368,659,482
20,48890,569,728,414
20,49639,630,704,437
20,50448,2757,911,454
20,53378,603,831,384
20,54010,795,713,476
20,54856,221,135,282
20,55104,267,87,162
20,55398,529,21,96
20,56123,745,281,210
20,56906,257,139,413
20,57188,214,99,498
20,57429,349,125,346
20,57792,309,122,317
20,58147,621,159,820
20,58787,181,123,793
20,59021,578,441,559
20,59631,475,559,764
21,12,81,811,503
21,210,206,818,362
21,461,155,1036,382
21,647,350,858,412
21,1035,194,1181,361
21,1253,278,1150,255
21,1665,179,1048,291
21,1877,181,974,431
21,2087,147,1036,559
21,2262,119,1014,638
21,2418,246,1184,376
21,2687,198,1139,306
21,2928,222,1340,286
21,3259,235,1349,193
21,3526,284,1294,392
21,3837,187,1259,434
21,4052,239,1274,509
21,4324,234,1322,757
21,4587,158,1371,792
21,4869,104,1311,824
21,5005,268,1152,897
21,5325,244,1493,861
21,5589,148,1484,851
21,5783,227,888,688
21,6038,134,923,586
21,6202,191,847,444
21,6423,462,932,286
21,6907,252,889,236
21,7290,275,894,296
21,7617,206,538,288
21,7867,479,327,359
21,8492,173,338,448
21,8685,355,304,423
21,9081,318,239,677
21,9430,306,159,757
21,9758,170,138,807
21,9957,184,166,705
21,10174,156,287,624
21,10363,183,411,424
21,10574,103,451,310
21,10799,133,620,165
21,10956,344,666,96
21,11330,185,532,192
21,11652,240,688,396
21,11953,197,357,398
21,12173,169,310,416
21,12381,239,494,409
21,12649,183,472,291
21,12846,146,476,264
21,13109,187,338,343
21,13334,265,481,281
21,13642,339,327,381
21,14014,703,479,250
21,14845,274,481,435
21,15161,163,64,244
21,15343,1338,54,189
21,16706,340,58,79
21,17089,231,252,233
21,17349,228,168,254
21,17600,96,213,205
21,17821,237,202,198
21,18100,270,390,337
21,18399,87,296,345
21,18519,165,533,244
21,18711,172,632,229
21,18919,420,316,389
21,19437,536,154,710
21,20017,162,383,403
21,20208,189,311,433
21,20428,164,446,612
21,20617,312,426,666
21,20958,162,318,667
21,21157,228,403,431
21,21413,687,316,407
21,22231,159,701,114
21,22411,308,669,93
21,22749,183,571,197
21,23071,94,686,289
21,23213,268,931,441
21,23503,212,926,388
21,23758,126,1129,247
21,23933,257,907,214
21,24239,220,774,353
21,24509,268,1166,273
21,24793,366,1164,239
21,25188,118,1248,294
21,25421,371,943,396
21,25824,222,952,530
21,26090,414,847,678
21,26542,396,756,848
21,27079,290,706,426
21,27404,224,416,427
21,27668,466,994,379
21,28293,86,1176,330
21,28552,266,1011,353
21,28849,403,1166,284
21,29291,175,1001,346
21,29494,253,919,277
21,29771,340,878,322
21,30155,161,796,517
21,30344,159,724,474
21,30524,438,685,441
21,31007,230,858,542
21,31389,258,977,678
21,31670,366,1040,665
21,32057,175,996,686
21,32359,430,1009,642
21,32814,159,1051,660
21,32995,629,1021,658
21,33659,1016,959,472
21,34721,239,1073,768
21,35001,129,1212,814
21,35157,241,1142,873
21,35548,182,1194,991
21,35786,364,705,932
21,36196,269,261,918
21,36520,247,679,941
21,36805,206,389,894
21,37041,194,264,914
21,37296,288,34,139
21,37618,305,274,84
21,38064,183,514,392
21,38310,220,1352,554
21,38568,169,1471,302
21,38769,205,1442,133
21,39024,340,731,133
21,39408,227,375,158
21,39667,234,213,292
21,39947,226,427,393
21,40202,198,334,404
21,40513,130,305,406
21,40716,168,1423,674
21,40920,315,1171,391
21,41269,329,1319,216
21,41753,272,754,474
21,42067,120,639,449
21,42215,315,700,427
21,42579,252,374,408
21,42857,331,313,391
21,43338,338,336,422
21,43721,154,531,447
21,43924,158,262,418
21,44169,241,323,401
21,44429,419,301,403
21,44891,210,467,399
21,45130,179,443,283
21,45327,499,439,245
21,45957,431,453,368
21,46418,190,401,249
21,46633,290,453,247
21,46957,259,427,346
21,47264,238,487,432
21,47530,229,431,329
21,47782,145,412,269
21,47942,127,417,243
21,48202,287,315,162
21,48520,204,207,188
21,48751,186,271,123
21,48966,239,395,151
21,49249,265,138,407
21,49543,260,84,537
21,49838,343,86,673
21,50208,252,107,519
21,50624,233,87,213
21,50914,109,715,98
21,51090,222,1349,906
21,51354,221,1472,939
21,51636,287,1455,35
21,51954,106,1284,111
21,52120,131,203,125
21,52281,125,44,101
21,52468,322,357,928
21,52966,212,1084,447
21,53206,254,998,454
21,53490,277,987,298
21,53790,220,924,271
21,54026,367,914,241
21,54534,611,940,117
21,55167,226,906,100
21,55429,258,596,202
21,55713,169,654,203
21,55993,198,924,108
21,56248,283,266,664
21,56572,264,142,740
21,56881,293,379,757
21,57201,138,398,682
21,57370,186,572,603
21,57600,178,817,484
21,57872,196,968,476
21,58117,163,1243,338
21,58314,187,1049,402
21,58534,313,896,292
21,58894,185,636,309
21,59113,325,440,314
21,59555,395,548,376
21,59981,113,658,288
22,12,21,784,484
22,50,274,746,500
22,351,235,685,502
22,628,116,610,476
22,766,128,579,464
22,922,321,466,324
22,1297,216,702,458
22,1566,321,1022,650
22,2120,26,729,403
22,2197,144,685,201
22,2366,105,653,143
22,2490,31,649,129
22,2597,365,895,202
22,3008,153,1164,252
22,3193,223,1328,264
22,3450,111,1297,352
22,3634,186,424,344
22,3875,191,309,638
22,4095,177,274,672
22,4295,255,218,711
22,4608,170,436,396
22,4800,191,467,327
22,5037,347,637,138
22,5438,194,187,133
22,5676,163,121,211
22,5857,385,81,207
22,6267,346,138,277
22,6650,121,476,356
22,6991,125,501,385
22,7141,222,491,303
22,7403,217,707,382
22,7651,172,664,256
22,7847,550,669,171
22,8447,207,985,364
22,8687,184,1004,487
22,8929,208,1196,621
22,9176,155,1285,526
22,9361,171,1313,379
22,9562,409,1449,301
22,9993,154,1433,267
22,10177,157,1345,358
22,10365,109,1304,540
22,10526,362,1132,772
22,10920,251,1185,662
22,11204,215,1054,677
22,11433,36,1026,653
22,11675,92,1076,623
22,11800,241,986,527
22,12074,424,702,470
22,12545,140,366,434
22,12767,233,1218,811
22,13039,52,1352,781
22,13148,80,1366,786
22,13250,97,1388,788
22,13388,112,1495,820
22,13516,99,1494,811
22,13642,118,1417,782
22,13790,38,1411,798
22,13844,202,1377,784
22,14140,453,224,704
22,14608,208,273,701
22,14851,163,246,834
22,15276,63,177,670
22,15386,176,128,259
22,15597,210,105,134
22,15822,182,61,110
22,16079,509,1169,215
22,16626,187,1217,303
22,16843,175,1108,339
22,17045,129,1029,344
22,17229,492,673,108
22,17765,158,939,121
22,18000,48,1174,722
22,18124,27,1184,688
22,18236,39,1174,868
22,18321,21,1192,849
22,18474,28,572,944
22,18812,316,1172,308
22,19155,504,1277,343
22,19680,150,1229,347
22,19884,207,751,182
22,20114,460,684,169
22,20638,180,73,171
22,20907,216,1159,262
22,21415,76,1262,343
22,21518,90,1264,375
22,21659,133,1090,312
22,21823,107,957,261
22,21962,253,738,157
22,22238,232,689,128
22,22523,427,181,109
22,22976,325,221,206
22,23337,158,164,219
22,23516,251,164,291
22,23786,160,140,251
22,23975,396,76,206
22,24391,206,114,242
22,24623,236,186,281
22,24887,243,339,398
22,25151,302,308,399
22,25483,477,507,417
22,26180,137,503,381
22,26369,155,533,595
22,26553,164,463,676
22,26744,139,407,698
22,26930,399,238,677
22,27361,345,133,663
22,27737,79,208,663
22,27855,205,471,625
22,28119,125,497,377
22,28269,520,492,296
22,28825,205,778,399
22,29059,76,931,399
22,29172,163,1186,357
22,29369,194,1310,316
22,29588,129,1363,303
22,29903,92,1416,239
22,30052,192,692,184
22,30267,192,651,132
22,30538,146,1041,605
22,30739,159,1265,812
22,31166,42,361,958
22,31224,80,350,957
22,31392,168,216,128
22,31594,414,478,287
22,32073,241,1156,657
22,32363,248,1076,614
22,32661,180,1358,757
22,32866,521,1366,802
22,33414,181,1479,836
22,33611,334,1534,828
22,33998,160,1537,337
22,34200,150,1552,301
22,34377,162,1451,291
22,34572,131,1270,368
22,34773,133,555,304
22,34935,436,477,318
22,35397,177,521,388
22,35596,179,567,412
22,35818,154,628,287
22,36005,236,676,160
22,36276,145,893,148
22,36464,139,1097,201
22,36648,118,1207,277
22,36787,210,1299,329
22,37034,211,1139,366
22,37533,93,1039,447
22,37658,59,925,470
22,37778,195,480,381
22,38014,124,379,391
22,38167,156,242,347
22,38349,236,182,273
22,38605,198,160,291
22,38840,255,455,312
22,39119,223,390,224
22,39374,256,594,247
22,39651,193,614,300
22,39871,188,503,302
22,40078,280,466,297
22,40387,280,361,419
22,40933,155,870,463
22,41112,245,957,486
22,41409,314,810,366
22,41754,206,918,429
22,41997,181,999,477
22,42199,512,989,522
22,42734,494,1042,673
22,43318,252,556,800
22,43624,187,1172,823
22,44009,129,733,214
22,44164,197,683,137
22,44387,136,581,168
22,44580,270,92,183
22,45683,148,647,338
22,45890,207,1166,317
22,46126,101,1247,309
22,46258,205,1361,255
22,46496,115,1207,295
22,46663,156,1019,298
22,46871,188,663,114
22,47266,166,348,227
22,47465,212,107,187
22,47726,158,429,287
22,47905,181,473,288
22,48137,100,409,479
22,48348,116,407,864
22,48521,66,414,865
22,48893,115,189,762
22,49449,118,264,492
22,49588,118,257,444
22,49740,391,251,653
22,50168,373,483,292
22,50603,184,1091,244
22,50822,261,1296,228
22,51155,154,394,198
22,51354,139,135,201
22,51516,142,81,191
22,51932,177,194,402
22,52151,234,85,210
22,52443,157,134,592
22,52646,225,487,384
22,52917,150,853,352
22,53107,229,1161,363
22,53368,439,1293,337
22,53834,259,1197,264
22,54148,196,878,560
22,54410,289,576,251
22,54978,23,609,340
22,55022,76,613,388
22,55133,286,496,309
22,55442,105,518,284
22,55581,1088,671,111
22,56732,142,249,88
22,56903,248,87,78
22,57170,963,24,34
22,58428,83,93,865
22,58559,71,102,879
22,59156,182,127,917
22,59406,90,618,946
22,59687,150,1158,860
22,59933,159,1162,363
23,14,304,799,516
23,363,275,504,306
23,690,188,957,340
23,1031,92,948,322
23,1208,32,969,374
23,1294,274,1334,273
23,1629,161,740,291
23,1871,259,667,104
23,2174,225,292,97
23,2425,286,277,9
23,2935,227,122,117
23,3470,342,926,118
23,3868,282,1151,408
23,4184,298,1291,349
23,4514,503,1199,203
23,5069,195,1381,617
23,5316,178,1018,791
23,5553,205,556,642
23,5804,242,507,498
23,6093,303,254,648
23,6420,507,201,664
23,7146,299,165,733
23,7510,202,839,863
23,7780,186,1339,784
23,8027,205,1302,339
23,8265,335,974,341
23,8632,221,1029,190
23,8880,310,933,188
23,9229,254,915,77
23,9530,265,1394,17
23,9848,248,1509,179
23,10128,200,1395,81
23,10374,206,1402,352
23,10620,311,1303,406
23,10978,231,1299,607
23,11270,493,1448,153
23,11792,313,1506,108
23,12136,508,1402,206
23,12669,209,1345,249
23,12911,751,1467,152
23,13676,196,1434,140
23,13936,63,799,106
23,14013,244,796,74
23,14294,473,694,129
23,14832,227,142,56
23,15080,384,93,119
23,15514,324,643,51
23,15875,294,583,281
23,16222,273,460,592
23,16526,332,602,489
23,16892,96,512,341
23,17145,404,497,381
23,17579,266,362,453
23,17879,533,543,329
23,18434,346,579,356
23,18807,326,603,359
23,19151,260,569,325
23,19437,182,517,372
23,19659,503,412,448
23,20190,257,514,531
23,20474,209,575,519
23,20717,295,453,699
23,21039,403,378,698
23,21473,216,260,729
23,21719,361,156,643
23,22251,347,483,405
23,22784,119,397,472
23,22928,275,336,448
23,23241,263,283,229
23,23553,253,684,181
23,23873,180,1236,487
23,24106,361,1397,708
23,24493,215,1337,751
23,24739,180,1146,928
23,24976,299,389,779
23,25307,406,144,702
23,25740,306,107,793
23,26064,190,86,726
23,26293,212,341,511
23,26556,269,662,221
23,26868,119,985,121
23,27151,195,1178,266
23,27381,387,1448,186
23,27827,316,874,105
23,28176,377,696,72
23,28594,165,493,417
23,28965,134,472,483
23,29141,141,379,444
23,29316,377,526,302
23,29757,207,317,604
23,30001,200,174,429
23,30251,260,247,213
23,30535,160,260,186
23,30725,149,140,218
23,32137,389,607,41
23,32570,52,917,181
23,32636,168,925,221
23,32862,287,1399,94
23,33182,163,1550,143
23,33571,178,1426,367
23,33774,80,1426,361
23,33916,211,1144,345
23,34173,254,783,357
23,34462,276,514,316
23,34890,73,497,401
23,34985,269,506,394
23,35324,306,776,606
23,35672,357,1004,423
23,36049,308,988,462
23,36398,227,963,279
23,36694,517,1038,728
23,37270,264,1541,659
23,37598,318,1461,246
23,38067,380,1244,321
23,38474,377,1148,254
23,38891,262,960,394
23,39197,465,984,526
23,39703,282,1063,688
23,40020,827,1023,516
23,40879,246,847,544
23,41153,269,734,544
23,41436,376,722,483
23,41844,321,482,471
23,42208,171,302,501
23,42581,164,257,511
23,42773,182,154,413
23,42988,329,244,210
23,43348,673,126,206
23,44077,339,234,670
23,44454,266,128,758
23,44918,59,103,753
23,45000,69,96,786
23,45089,124,101,767
23,45241,314,21,729
23,45596,160,164,488
23,45820,284,893,477
23,46134,179,757,519
23,46337,459,728,503
23,46952,122,918,483
23,47124,406,1030,500
23,47565,347,1091,615
23,48067,30,1065,663
23,48117,292,1062,651
23,48458,878,1014,503
23,49368,168,775,439
23,49559,337,724,467
23,49925,425,592,492
23,50384,320,500,349
23,50735,277,580,469
23,51065,351,1148,352
23,51449,266,1194,190
23,51887,245,1394,312
23,52213,216,1474,171
23,52577,266,1264,270
23,52889,357,1031,287
23,53388,118,1074,331
23,53523,359,1073,318
23,53907,344,1021,293
23,54285,129,1204,295
23,54444,313,1200,222
23,54785,339,1159,188
23,55144,269,1104,250
23,55446,367,962,276
23,55832,207,922,246
23,56075,266,1123,188
23,56369,450,1181,237
23,56877,463,1367,358
23,57358,429,1339,306
23,57826,353,1453,232
23,58207,335,1446,189
23,58568,401,1477,116
23,58998,313,1406,289
23,59359,612,1303,399
23,60007,184,1263,214
24,14,461,796,493
24,517,248,926,441
24,796,231,1099,406
24,1231,201,628,442
24,1474,395,345,384
24,1929,113,891,352
24,2212,210,1112,313
24,2475,148,1368,622
24,2682,160,756,382
24,3004,206,392,362
24,3230,231,330,398
24,3631,164,206,347
24,3825,396,115,232
24,4270,156,463,170
24,4581,311,522,303
24,4943,290,251,533
24,5304,347,1148,348
24,5850,67,1271,595
24,5965,286,877,400
24,6278,327,764,407
24,6654,136,1099,404
24,6939,87,1094,433
24,7050,140,1028,477
24,7343,117,1021,475
24,7512,472,1323,671
24,8031,152,993,461
24,8329,316,1006,406
24,8672,155,1086,328
24,8869,377,1297,171
24,9399,474,1209,194
24,9923,199,702,76
24,10171,107,1084,266
24,10331,201,409,322
24,10705,597,648,32
24,11317,173,708,46
24,11629,220,734,46
24,11880,555,884,111
24,12455,195,922,76
24,12778,122,956,44
24,12945,327,954,347
24,13306,462,1022,503
24,13794,198,1064,415
24,14037,311,1313,238
24,14492,259,1142,147
24,14778,430,1019,72
24,15251,223,1174,137
24,15613,302,967,235
24,15955,202,908,356
24,16184,157,1025,423
24,16487,737,1018,412
24,17254,413,1077,572
24,17697,411,1004,412
24,18257,1694,1010,425
24,19986,154,1101,621
24,20163,209,1046,629
24,20521,210,1081,547
24,20750,243,1104,584
24,21007,241,1082,549
24,21266,327,1113,569
24,21614,281,1064,603
24,22095,395,1038,578
24,22516,217,994,699
24,22759,497,1061,647
24,23444,355,1078,597
24,23817,323,1039,593
24,24159,168,1092,619
24,24357,274,984,509
24,24662,134,783,417
24,24814,450,718,387
24,25450,175,570,378
24,25653,768,694,398
24,26450,388,577,425
24,26864,157,474,374
24,27135,134,314,427
24,27415,197,208,506
24,27630,173,179,571
24,27845,516,326,404
24,28384,149,396,394
24,28562,190,475,296
24,28770,217,491,245
24,29012,328,554,219
24,29356,138,595,202
24,29650,318,464,250
24,29985,451,441,206
24,30473,384,271,200
24,30890,314,249,309
24,31240,347,489,243
24,31751,254,481,346
24,32033,361,488,226
24,32434,369,367,383
24,32820,169,309,409
24,33164,151,434,328
24,33344,403,579,373
24,33788,244,331,382
24,34185,258,184,577
24,34474,265,298,419
24,34769,256,193,291
24,35052,1144,83,142
24,36219,136,46,52
24,36381,231,64,169
24,36770,478,77,113
24,37273,721,22,11
24,38042,338,293,16
24,38402,169,382,21
24,39214,279,159,35
24,39980,354,59,18
24,40367,302,207,84
24,40697,214,68,118
24,41076,807,52,179
24,42054,357,48,186
24,42427,163,8,146
24,42620,1066,122,269
24,43858,433,47,492
24,44322,263,83,663
24,44609,138,180,616
24,44794,177,427,324
24,45011,511,539,221
24,45576,204,369,407
24,45940,227,379,415
24,46213,308,510,542
24,46566,251,239,572
24,46848,128,87,698
24,47173,304,82,665
24,47493,258,99,717
24,47772,310,150,717
24,48237,893,86,759
24,49152,285,146,684
24,49610,398,168,784
24,50023,903,176,787
24,50941,42,166,743
24,51009,131,128,731
24,51327,584,151,719
24,51928,168,108,709
24,52124,393,64,744
24,52546,547,143,651
24,53271,174,88,572
24,53470,233,176,566
24,53738,599,303,609
24,54479,697,282,634
24,55211,159,406,628
24,55584,470,367,671
24,56073,299,406,606
24,56399,264,300,662
24,56691,278,452,756
24,57000,144,387,696
24,57175,255,557,714
24,57459,135,641,592
24,57796,217,695,477
24,58058,456,555,722
24,58722,199,596,738
24,58938,360,571,669
24,59324,271,624,599
24,59615,172,663,533
24,59811,295,726,521
25,12,293,804,515
25,339,164,558,395
25,556,243,996,381
25,827,154,882,438
25,1025,285,532,346
25,1336,136,507,306
25,1502,35,374,156
25,1577,148,171,89
25,1751,169,116,161
25,1985,221,1021,430
25,2236,194,867,475
25,2466,222,1142,642
25,2715,260,1245,568
25,3005,161,1325,452
25,3192,224,1314,337
25,3442,614,1447,211
25,4112,108,1398,679
25,4251,199,1437,811
25,4501,111,1437,868
25,4944,137,1220,907
25,5141,222,656,887
25,5403,231,519,898
25,5664,183,554,792
25,5875,274,624,650
25,6180,170,504,675
25,6388,191,593,724
25,6609,193,489,698
25,6830,215,368,663
25,7073,469,325,659
25,7575,198,214,686
25,7801,1206,312,657
25,9036,259,424,744
25,9320,327,496,678
25,9683,251,238,734
25,9959,378,205,703
25,10357,920,236,672
25,11308,253,155,768
25,11601,156,219,539
25,11783,139,276,462
25,11954,509,115,199
25,12511,216,548,66
25,12756,54,668,101
25,12929,196,652,119
25,13145,740,703,89
25,13931,115,885,222
25,14077,779,697,97
25,14889,197,444,259
25,15116,98,371,186
25,15272,241,879,369
25,15556,152,1022,454
25,15748,364,1349,229
25,16141,310,1470,180
25,16478,75,1433,231
25,16600,199,1039,422
25,16858,233,462,415
25,17122,202,611,435
25,17375,310,937,453
25,17739,175,564,451
25,17971,263,1036,413
25,18283,172,701,540
25,18509,178,871,878
25,18752,168,1374,852
25,19196,36,1065,436
25,19389,93,1128,547
25,19520,300,1024,502
25,19888,167,591,407
25,20193,179,749,132
25,20443,250,1430,767
25,20732,163,1551,854
25,20939,265,1233,894
25,21252,187,795,876
25,21472,281,524,909
25,21832,521,1492,841
25,22379,257,1403,808
25,22689,101,1325,597
25,22837,157,1317,298
25,23023,178,1421,187
25,23225,148,1483,159
25,23403,602,1428,232
25,24033,208,1432,324
25,24287,216,1164,504
25,24536,331,931,494
25,24896,161,816,531
25,25113,260,1279,788
25,25409,95,1042,898
25,25670,221,422,821
25,25940,177,386,457
25,26152,191,536,301
25,26391,162,167,176
25,26587,159,118,199
25,26778,687,105,59
25,27525,190,119,779
25,27753,133,137,935
25,27961,279,1331,972
25,28287,100,1540,997
25,28451,91,654,1007
25,28629,114,104,199
25,28778,359,69,66
25,29184,197,47,469
25,29449,103,957,147
25,29603,117,1291,121
25,29768,276,1498,82
25,30102,142,1527,733
25,30288,177,1529,913
25,30499,141,1315,889
25,30708,184,524,643
25,30943,150,409,318
25,31150,181,1025,317
25,31388,140,646,189
25,31562,266,833,136
25,31864,194,634,373
25,32094,148,614,451
25,32306,249,715,292
25,32592,269,667,183
25,32885,105,723,172
25,33024,332,921,141
25,33404,173,598,386
25,33706,121,612,415
25,33857,496,513,286
25,34385,221,668,151
25,34772,213,474,176
25,35017,161,243,145
25,35212,271,52,112
25,35503,286,65,66
25,35862,246,1046,152
25,36137,240,932,109
25,36404,206,950,32
25,36652,200,1290,64
25,36883,452,1167,269
25,37366,246,1281,383
25,37641,162,1385,286
25,37826,461,1424,248
25,38332,381,1079,332
25,38739,524,1123,447
25,39297,290,879,478
25,39640,280,1249,381
25,39946,199,1187,387
25,40255,379,1419,189
25,40659,229,1443,202
25,40910,234,1408,129
25,41170,167,1483,136
25,41380,175,1485,289
25,41589,241,1436,251
25,41853,234,1436,210
25,42143,147,1043,549
25,42314,159,1045,488
25,42515,299,1245,475
25,42844,556,1268,574
25,43445,261,946,538
25,43756,171,1230,567
25,43966,301,1047,499
25,44298,425,1009,494
25,44768,248,947,268
25,45043,542,1042,229
25,45626,197,860,357
25,45863,195,851,484
25,46089,251,747,430
25,46365,140,731,435
25,46538,136,562,408
25,46704,120,512,291
25,46879,239,1124,210
25,47135,509,1179,188
25,47690,793,1424,209
25,48520,456,1325,318
25,49004,136,1411,269
25,49204,214,541,385
25,49458,636,382,439
25,50125,241,260,634
25,50395,262,208,700
25,50686,199,172,604
25,50908,214,177,542
25,51155,185,385,447
25,51394,230,559,696
25,51656,361,529,831
25,52052,229,613,678
25,52305,243,662,628
25,52582,252,473,718
25,52873,182,353,724
25,53073,119,332,681
25,53223,135,220,697
25,53406,201,507,383
25,53631,249,517,316
25,53909,150,621,192
25,54095,183,335,140
25,54312,370,137,204
25,54704,223,119,216
25,54967,121,477,121
25,55122,85,672,101
25,55338,308,726,103
25,55664,1347,703,108
25,57030,209,703,147
25,57259,439,737,126
25,57738,265,1060,217
25,58035,580,932,136
25,58629,262,956,120
25,58928,94,682,113
25,59068,353,351,198
25,59451,211,267,145
25,59698,132,391,158
25,59844,46,391,173
25,59928,166,125,198
26,12,329,808,517
26,380,393,1078,325
26,833,234,667,479
26,1090,138,725,459
26,1281,262,1380,877
26,1615,232,151,164
26,1872,131,87,169
26,2058,209,733,101
26,2323,270,1410,123
26,2628,278,1289,354
26,2954,168,946,533
26,3144,532,1002,511
26,3709,389,1063,693
26,4136,107,739,761
26,4258,203,703,845
26,4499,185,426,859
26,4729,257,460,392
26,5013,164,531,318
26,5207,202,585,466
26,5567,339,712,101
26,5971,251,193,174
26,6258,144,327,291
26,6432,450,192,269
26,6937,413,931,128
26,7393,200,740,433
26,7619,213,665,483
26,7876,514,471,368
26,8451,239,1252,282
26,8717,158,1152,257
26,8907,298,1396,223
26,9241,403,1276,464
26,9694,299,969,667
26,10013,661,1062,653
26,10871,239,1081,757
26,11140,248,1212,615
26,11430,147,1172,858
26,11625,316,574,998
26,11980,213,220,876
26,12227,195,393,873
26,12466,181,750,933
26,12694,389,418,888
26,13107,159,499,880
26,13316,263,1196,863
26,13607,243,1319,771
26,13882,360,1472,837
26,14304,191,1481,280
26,14542,257,1477,775
26,14826,187,1347,722
26,15041,831,1466,816
26,15900,580,1339,772
26,16500,772,1374,737
26,17290,556,1323,762
26,18036,162,1436,252
26,18224,1130,1389,242
26,19373,775,1383,235
26,20163,283,1357,244
26,20460,213,1360,253
26,20702,366,1385,336
26,21082,235,1369,296
26,21510,224,1177,303
26,21756,267,1127,263
26,22041,323,1075,256
26,22385,342,1107,207
26,22773,483,1071,425
26,23289,380,1154,537
26,23716,214,1296,359
26,23960,334,1099,391
26,24329,481,1147,248
26,24963,180,1157,299
26,25187,616,1074,301
26,25838,433,1082,259
26,26509,190,178,194
26,26729,810,63,251
26,27601,279,71,301
26,27959,213,1381,741
26,28247,229,338,391
26,28510,352,126,711
26,28888,173,52,767
26,29091,280,180,703
26,29400,530,264,662
26,29966,368,372,673
26,30377,758,166,671
26,31359,163,108,667
26,31537,283,146,672
26,31845,114,171,686
26,32008,1019,572,458
26,33066,295,504,315
26,33397,211,341,427
26,33644,276,470,337
26,33961,148,633,168
26,34143,359,471,352
26,34655,353,466,335
26,35061,465,306,453
26,35573,317,629,193
26,35913,262,678,117
26,36191,284,677,134
26,36513,256,972,147
26,36796,318,873,96
26,37129,180,850,148
26,37363,216,876,673
26,37618,213,720,494
26,37857,764,683,459
26,38663,249,644,742
26,38938,758,557,713
26,39741,307,498,957
26,40074,312,426,853
26,40423,423,574,671
26,40878,380,402,682
26,41432,206,383,665
26,41670,210,618,663
26,41897,555,601,696
26,42494,1404,275,679
26,43925,658,161,651
26,44608,471,172,574
26,45145,375,991,642
26,45555,280,801,707
26,45866,236,843,491
26,46136,362,999,461
26,46539,571,839,405
26,47141,294,1021,376
26,47455,563,1053,391
26,48038,224,983,426
26,48291,526,862,499
26,48842,315,966,471
26,49329,515,1037,432
26,49872,200,969,498
26,50102,182,1067,590
26,50312,156,945,566
26,50493,98,977,493
26,50615,500,868,446
26,51154,326,1053,408
26,51508,238,926,473
26,51766,227,886,489
26,52192,157,849,521
26,52378,190,988,436
26,52615,512,1046,414
26,53174,268,713,546
26,53468,178,794,530
26,53670,270,855,499
26,53970,483,713,467
26,54481,284,773,412
26,54786,145,727,409
26,54947,689,687,465
26,55846,137,730,557
26,56008,3191,708,470
26,59420,240,497,379
26,59693,371,598,458
27,12,115,793,526
27,158,152,686,472
27,345,128,552,454
27,520,209,1027,608
27,754,254,1127,637
27,1058,359,1436,799
27,1448,131,1581,836
27,1631,204,1305,427
27,1873,255,1118,329
27,2248,238,723,197
27,2525,198,561,388
27,2770,169,221,256
27,2964,252,137,223
27,3248,257,108,79
27,3547,239,483,116
27,3821,316,303,207
27,4167,156,256,301
27,4368,225,691,167
27,4620,155,739,143
27,4815,308,534,318
27,5159,183,598,493
27,5392,176,151,278
27,5593,272,152,211
27,5880,397,136,233
27,6384,144,159,226
27,6559,209,272,293
27,6791,249,292,233
27,7075,167,207,378
27,7280,489,159,226
27,7784,342,154,210
27,8157,198,266,213
27,8374,229,300,256
27,8620,203,299,227
27,8853,215,265,309
27,9098,304,307,406
27,9444,140,209,478
27,9616,184,192,610
27,9828,288,246,697
27,10140,298,197,715
27,10465,348,195,808
27,10838,251,212,784
27,11107,153,174,743
27,11294,401,133,901
27,11727,437,142,748
27,12190,203,206,757
27,12412,854,242,709
27,13287,211,281,713
27,13518,143,244,708
27,13687,306,322,693
27,14022,340,427,750
27,14393,161,519,767
27,14577,233,500,689
27,14843,292,337,688
27,15164,375,413,775
27,15561,210,459,760
27,15804,236,579,807
27,16068,263,545,887
27,16399,309,639,664
27,16726,211,667,644
27,16961,288,684,596
27,17283,235,552,681
27,17662,182,561,668
27,17875,284,489,737
27,18181,212,446,791
27,18416,145,442,741
27,18593,382,547,641
27,19002,212,506,702
27,19239,180,562,673
27,19447,337,476,708
27,19818,370,669,714
27,20218,258,559,692
27,20501,227,502,667
27,20747,318,528,661
27,21094,154,552,586
27,21273,167,610,498
27,21456,1429,640,494
27,22914,370,534,344
27,23301,191,544,307
27,23519,212,612,279
27,23757,153,684,326
27,23944,142,521,278
27,24118,235,408,204
27,24381,220,508,256
27,24637,245,679,179
27,24905,208,738,177
27,25137,276,731,135
27,25427,193,707,134
27,25658,322,962,196
27,26012,224,919,308
27,26271,149,793,427
27,26442,199,757,449
27,26674,223,903,534
27,26931,236,753,479
27,27204,312,906,577
27,27542,292,919,522
27,27872,184,1137,531
27,28084,152,1030,508
27,28251,422,1042,495
27,28708,199,1131,669
27,28937,165,1216,511
27,29134,255,1269,603
27,29424,211,1404,779
27,29784,162,1496,823
27,29973,324,1568,842
27,30318,243,1522,833
27,30583,185,1567,830
27,30802,181,1416,768
27,31020,374,1218,907
27,31409,166,1248,929
27,31590,264,1229,921
27,31888,155,1157,819
27,32078,162,1249,638
27,32265,246,1308,593
27,32545,200,1350,454
27,32775,150,1307,361
27,32963,215,1377,212
27,33205,223,1446,156
27,33454,143,1386,143
27,33628,153,1436,247
27,33813,142,1309,322
27,34008,185,1027,444
27,34225,314,1030,333
27,34569,220,974,400
27,34822,244,916,257
27,35095,193,934,189
27,35325,203,772,173
27,35561,239,953,179
27,35854,298,594,339
27,36193,162,329,399
27,36383,186,275,333
27,36589,137,283,274
27,36766,164,217,541
27,36968,195,482,570
27,37199,265,538,411
27,37512,240,990,466
27,37789,236,1202,402
27,38053,326,1090,333
27,38416,222,1295,388
27,38779,224,1275,368
27,39031,214,1351,418
27,39273,214,1332,339
27,39504,231,1376,326
27,39758,195,1417,282
27,39977,173,1471,272
27,40205,276,1107,363
27,40514,172,977,492
27,40731,123,840,230
27,40888,155,727,143
27,41094,210,162,166
27,41323,359,124,215
27,41707,280,104,124
27,42003,434,103,80
27,42472,493,139,218
27,42994,320,280,214
27,43348,191,131,209
27,43585,288,214,627
27,44064,360,179,793
27,44441,256,144,767
27,44723,309,224,754
27,45069,197,472,860
27,45304,301,297,823
27,45643,236,526,889
27,45906,238,581,811
27,46180,219,452,704
27,46429,213,331,698
27,46681,385,389,444
27,47101,499,322,694
27,47639,178,405,473
27,47846,185,514,341
27,48055,145,538,289
27,48235,228,688,174
27,48504,333,624,473
27,48867,89,761,461
27,49079,270,751,468
27,49384,210,621,497
27,49630,219,811,484
27,49875,580,758,451
27,50488,187,611,462
27,50712,239,844,561
27,50980,147,794,533
27,51153,297,748,496
27,51482,235,625,492
27,51747,301,743,462
27,52202,144,692,488
27,52368,313,748,463
27,52712,203,621,473
27,52952,294,825,539
27,53276,354,778,453
27,53651,494,748,480
27,54174,191,840,570
27,54395,165,881,503
27,54584,231,940,517
27,54846,246,939,442
27,55127,569,786,596
27,55727,210,811,546
27,55967,271,940,464
27,56260,202,892,429
27,56486,336,932,488
27,56850,397,1031,538
27,57281,141,988,623
27,57456,238,1057,495
27,57723,216,1168,503
27,57973,261,1278,596
27,58276,222,1436,781
27,58532,394,1580,851
27,59165,152,1553,820
27,59350,138,1394,809
27,59522,195,1236,877
27,59749,228,1180,774
27,60007,88,1098,689
28,12,221,792,481
28,264,192,676,388
28,509,194,358,411
28,751,62,826,378
28,949,347,806,359
28,1328,236,647,119
28,1632,214,1287,774
28,1920,103,508,353
28,2166,165,534,288
28,2388,365,979,402
28,2804,153,772,249
28,2987,232,681,112
28,3265,297,931,246
28,3606,221,1016,440
28,3870,238,1005,186
28,4162,324,665,125
28,4537,116,474,382
28,4684,272,546,262
28,4988,274,706,134
28,5280,143,706,127
28,5479,243,1151,264
28,5765,216,1318,261
28,6012,279,1458,207
28,6358,147,1023,506
28,6529,160,1057,456
28,6724,257,1182,249
28,6995,142,1168,236
28,7190,66,897,595
28,7387,156,977,503
28,7562,216,1022,479
28,7813,159,1108,725
28,7997,244,1068,674
28,8266,340,1065,633
28,8660,269,416,402
28,8956,171,492,305
28,9154,250,502,243
28,9439,165,558,378
28,9639,234,676,88
28,9948,522,114,141
28,10643,162,227,766
28,10835,205,284,660
28,11084,248,453,329
28,11387,210,217,671
28,11634,257,464,402
28,11921,261,385,373
28,12218,165,513,366
28,12409,228,498,269
28,12674,343,687,95
28,13068,212,908,277
28,13336,286,533,212
28,13653,157,624,259
28,13881,207,283,650
28,14120,346,467,592
28,14499,530,366,383
28,15077,316,557,427
28,15446,342,817,461
28,15835,295,976,598
28,16160,137,1062,671
28,16372,243,425,885
28,16638,144,469,877
28,16814,353,598,668
28,17197,198,829,637
28,17449,142,1111,834
28,17803,479,1193,877
28,18318,369,1344,769
28,18707,107,1378,721
28,18863,210,1047,358
28,19111,238,1309,234
28,19379,284,1456,171
28,19689,135,1471,76
28,19892,303,687,65
28,20260,236,976,267
28,20527,414,1009,482
28,20973,325,961,250
28,21342,188,891,392
28,21562,272,1025,452
28,21865,387,1018,243
28,22297,174,950,393
28,22506,664,999,462
28,23201,221,1072,644
28,23444,152,1043,639
28,23630,233,1003,451
28,23916,619,704,403
28,24584,131,548,385
28,24736,185,587,402
28,24970,300,839,495
28,25347,154,983,314
28,25555,220,1255,194
28,25813,184,1468,154
28,26024,167,1509,97
28,26261,245,741,73
28,26531,279,677,63
28,26876,340,1494,91
28,27245,459,1423,211
28,27738,236,1325,393
28,27997,278,1314,348
28,28318,170,1248,508
28,28517,324,1318,464
28,28866,313,1289,385
28,29223,117,1231,543
28,29390,142,1026,526
28,29556,247,1006,473
28,29837,187,1115,345
28,30054,275,1009,206
28,30357,295,1125,183
28,30688,285,929,89
28,31005,252,814,95
28,31292,225,668,67
28,31587,222,6,71
28,31835,174,67,106
28,32375,221,108,753
28,32650,260,607,904
28,32941,201,740,817
28,33186,213,879,917
28,33432,314,718,936
28,33768,259,666,914
28,34063,197,920,813
28,34301,159,885,628
28,34514,330,434,355
28,34876,470,593,418
28,35379,175,736,421
28,35697,209,706,461
28,35920,157,714,422
28,36111,369,537,198
28,36505,348,502,233
28,36898,161,474,454
28,37092,351,343,399
28,37493,237,183,678
28,37756,196,263,651
28,37990,406,519,658
28,38424,266,500,800
28,38728,169,581,618
28,38952,125,454,323
28,39227,236,473,304
28,39500,291,692,104
28,39846,185,454,470
28,40060,163,488,313
28,40250,481,494,251
28,40762,212,593,316
28,41011,325,428,191
28,41357,183,395,154
28,41577,174,459,183
28,41817,118,938,491
28,42087,145,889,569
28,42264,521,787,534
28,42814,378,717,431
28,43228,340,672,103
28,43624,428,876,384
28,44099,164,1026,500
28,44286,155,1002,463
28,44489,287,893,249
28,44806,254,907,401
28,45099,161,972,515
28,45437,222,829,507
28,45694,371,1024,477
28,46116,220,757,513
28,46365,184,737,419
28,46564,137,719,401
28,46760,273,365,376
28,47054,250,327,379
28,47351,114,557,406
28,47591,134,502,359
28,47754,691,496,221
28,48496,211,361,389
28,48724,188,341,376
28,48943,172,484,243
28,49137,258,505,217
28,49428,441,670,63
28,49887,332,684,93
28,50243,308,642,147
28,50578,147,690,107
28,50756,457,613,224
28,51258,212,974,160
28,51498,259,918,115
28,51804,276,932,435
28,52109,259,1018,423
28,52435,232,1360,729
28,52701,177,1503,779
28,52925,207,1219,820
28,53169,410,1454,797
28,53605,179,1517,811
28,53837,228,1230,876
28,54092,186,1181,878
28,54357,134,561,923
28,54507,82,567,896
28,54615,219,504,788
28,54879,275,158,687
28,55184,180,99,754
28,55409,270,448,462
28,55712,239,306,230
28,56003,240,858,134
28,56286,753,1182,218
28,57094,263,1401,149
28,57387,167,1482,181
28,57603,295,1274,432
28,57925,157,1316,398
28,58149,211,976,612
28,58392,153,1183,534
28,58577,506,1330,452
28,59122,234,1256,559
28,59407,221,1048,753
28,59677,173,853,730
28,59875,280,878,629
29,12,445,797,490
29,488,152,966,433
29,697,292,505,273
29,1036,254,928,144
29,1359,171,1401,762
29,1586,263,1009,589
29,1900,294,319,387
29,2229,388,576,346
29,2673,354,837,411
29,3065,313,1054,352
29,3408,187,1054,267
29,3640,295,1198,264
29,3999,207,542,352
29,4241,281,313,267
29,4549,294,261,128
29,4901,272,742,117
29,5231,280,1199,243
29,5564,289,1351,442
29,5909,292,1179,707
29,6248,112,1208,841
29,6391,144,1363,759
29,6585,214,1063,592
29,6856,259,989,315
29,7149,173,897,168
29,7380,294,1358,144
29,7729,228,749,381
29,8004,293,488,273
29,8338,346,333,403
29,8738,253,552,578
29,9049,145,532,180
29,9238,156,898,157
29,9457,345,1450,158
29,9877,470,1391,767
29,10391,134,1514,813
29,10567,200,1361,752
29,10809,205,757,669
29,11068,174,771,403
29,11278,301,467,339
29,11610,269,344,381
29,11923,264,696,298
29,12238,272,699,18
29,12565,380,923,436
29,12989,468,1341,317
29,13483,365,1271,349
29,13891,148,787,277
29,14074,318,657,54
29,14438,361,289,219
29,14846,256,387,395
29,15140,186,332,234
29,15359,274,555,359
29,15664,186,472,246
29,15922,293,1015,609
29,16249,236,887,412
29,16552,231,1470,712
29,16813,127,1367,727
29,16986,206,1540,778
29,17240,238,1184,854
29,17530,233,1517,804
29,17805,429,1382,767
29,18291,230,538,697
29,18577,229,408,510
29,18841,190,567,363
29,19194,280,524,351
29,19507,212,339,391
29,19788,385,76,122
29,20234,168,593,201
29,20450,27,587,178
29,20537,192,1031,128
29,20783,555,686,19
29,21386,172,978,101
29,21602,192,719,78
29,21820,45,683,59
29,21969,42,669,77
29,22086,257,393,391
29,22389,209,649,414
29,22649,233,506,274
29,22937,160,879,289
29,23147,141,753,464
29,23313,203,716,448
29,23603,309,260,182
29,23967,158,574,397
29,24171,216,751,444
29,24410,192,719,444
29,24631,209,836,380
29,24890,331,1147,281
29,25251,284,1288,214
29,25564,254,1349,143
29,25869,207,1434,341
29,26128,361,1261,551
29,26546,397,1017,796
29,27002,152,708,914
29,27200,200,237,788
29,27450,120,488,855
29,27645,332,318,231
29,28030,200,679,80
29,28273,182,168,43
29,28527,216,356,476
29,28775,344,413,374
29,29180,332,944,432
29,29563,242,1168,556
29,29847,164,1173,674
29,30050,438,1080,702
29,30545,357,1151,479
29,30943,377,1324,355
29,31371,316,888,414
29,31726,219,907,501
29,32002,365,1293,434
29,32395,387,1247,414
29,32805,334,1226,423
29,33176,320,1327,279
29,33633,237,1462,261
29,33915,305,1330,149
29,34260,186,1247,90
29,34486,166,959,73
29,34709,227,501,79
29,34981,199,182,89
29,35218,240,73,123
29,35529,265,258,849
29,35830,276,608,812
29,36144,234,531,783
29,36419,206,861,646
29,36658,209,577,799
29,36898,198,569,713
29,37128,357,637,592
29,37527,242,597,701
29,37798,264,632,633
29,38107,390,404,641
29,38527,160,303,629
29,38743,204,339,241
29,38987,159,357,373
29,39194,302,241,122
29,39550,214,382,379
29,39816,194,424,119
29,40065,169,511,368
29,40263,239,374,392
29,40842,206,1448,814
29,41089,297,1307,768
29,41452,344,1194,282
29,41853,383,1140,564
29,42281,228,1301,558
29,42561,715,1112,736
29,43322,427,959,836
29,43807,330,864,494
29,44197,206,783,173
29,44435,215,663,123
29,44701,419,584,309
29,45177,341,1006,369
29,45574,264,1337,241
29,45875,238,1407,172
29,46164,278,1309,351
29,46478,327,1076,203
29,46861,360,1242,471
29,47255,273,1294,357
29,47563,380,1241,388
29,47975,310,1324,306
29,48321,245,1284,357
29,48600,313,1452,279
29,48944,261,1433,184
29,49239,250,1277,109
29,49552,230,678,177
29,49824,249,679,63
29,50099,340,681,28
29,50488,221,117,118
29,51079,240,250,665
29,51349,266,410,576
29,51786,283,568,526
29,52099,199,611,617
29,52334,242,567,425
29,52602,252,599,452
29,52889,254,529,309
29,53173,222,493,258
29,53449,302,786,432
29,53811,389,1123,751
29,54265,211,719,939
29,54523,352,509,878
29,54907,281,590,693
29,55231,249,727,261
29,55520,264,1095,366
29,55855,189,1318,801
29,56075,203,1454,753
29,56309,239,1579,776
29,56612,364,1452,108
29,57012,246,1529,127
29,57322,204,1306,596
29,57576,272,1464,803
29,57889,598,1347,759
29,58516,295,1342,723
29,58861,304,773,646
29,59214,443,944,301
29,59707,213,649,141
29,59976,124,171,76
30,12,301,814,479
30,348,206,649,389
30,601,280,1063,311
30,920,184,691,437
30,1139,340,495,399
30,1521,199,721,450
30,1738,223,681,466
30,1997,475,462,442
30,2500,168,323,421
30,2725,510,627,181
30,3276,102,368,399
30,3420,270,286,424
30,3742,143,100,243
30,3902,281,65,251
30,4279,74,366,235
30,4464,329,669,202
30,4838,252,925,335
30,5147,223,1045,626
30,5428,277,1223,356
30,5758,155,1055,497
30,5949,189,984,534
30,6171,274,1022,689
30,6461,175,1013,639
30,6673,162,1238,592
30,6896,203,1323,314
30,7129,484,1381,291
30,7672,376,827,426
30,8065,281,865,442
30,8385,437,800,276
30,8854,189,922,261
30,9076,168,907,423
30,9299,199,1197,752
30,9540,260,1314,793
30,9838,229,1467,861
30,10092,172,1426,804
30,10300,168,1250,775
30,10509,254,996,600
30,10791,233,1022,643
30,11043,265,1056,619
30,11357,261,822,513
30,11651,280,974,534
30,11963,127,731,520
30,12113,210,671,484
30,12355,221,527,446
30,12608,164,616,536
30,12793,336,649,521
30,13169,243,496,721
30,13444,283,370,829
30,13764,47,688,897
30,13826,181,691,982
30,14052,320,942,987
30,14403,259,966,862
30,14725,198,503,821
30,14954,175,355,704
30,15176,157,321,484
30,15348,185,298,442
30,15585,272,270,654
30,15873,192,227,670
30,16107,157,447,493
30,16295,202,294,461
30,16540,212,543,191
30,16804,226,96,199
30,17056,744,43,256
30,17831,198,180,264
30,18060,143,157,192
30,18234,322,31,113
30,18600,309,369,108
30,18946,407,619,142
30,19388,249,871,148
30,19665,141,920,72
30,19846,416,1281,104
30,20306,212,1452,188
30,20542,158,1421,230
30,20774,278,1410,785
30,21084,280,1431,991
30,21416,153,1067,980
30,21627,206,552,978
30,21858,162,483,990
30,22046,119,434,971
30,22196,206,207,954
30,22439,162,227,731
30,22644,229,543,477
30,22913,201,285,643
30,23160,250,778,490
30,23442,439,932,545
30,23915,226,721,524
30,24165,170,668,483
30,24375,234,1073,449
30,24643,248,1274,388
30,24917,279,1313,338
30,25222,285,1209,344
30,25532,585,1129,317
30,26236,531,1131,288
30,26790,215,1118,296
30,27054,230,872,422
30,27319,311,1095,286
30,27746,504,1138,289
30,28281,325,1241,336
30,28637,162,1321,321
30,28826,256,1410,288
30,29098,1099,1398,267
30,30236,195,1146,271
30,30477,217,966,354
30,30721,288,997,277
30,31053,284,855,409
30,31366,296,923,502
30,31695,485,696,476
30,32212,251,779,591
30,32503,299,524,530
30,32820,272,543,537
30,33122,299,541,419
30,33450,213,477,461
30,33704,218,329,468
30,33961,93,443,371
30,34070,238,445,348
30,34346,293,278,465
30,34672,432,161,370
30,35131,257,73,257
30,35422,66,287,315
30,35503,136,284,372
30,35667,170,203,359
30,35853,231,161,333
30,36120,495,439,315
30,36646,243,265,222
30,36934,235,250,358
30,37198,337,143,384
30,37565,602,223,316
30,38191,227,164,323
30,38444,417,79,284
30,38936,173,364,428
30,39153,229,812,503
30,39411,435,667,516
30,39875,243,521,552
30,40150,487,297,466
30,40672,323,174,671
30,41014,174,173,616
30,41231,182,114,690
30,41442,290,214,792
30,41778,340,421,825
30,42143,313,483,801
30,42485,143,488,757
30,42662,222,648,609
30,42913,267,672,525
30,43219,159,884,537
30,43399,331,928,561
30,43762,177,1022,624
30,43971,300,1114,435
30,44297,162,983,495
30,44480,173,949,521
30,44697,199,733,223
30,44950,340,958,428
30,45317,281,927,467
30,45633,278,1069,463
30,45940,209,1006,517
30,46180,135,1144,537
30,46362,166,1279,656
30,46572,165,1356,779
30,46801,374,1344,346
30,47199,233,1383,298
30,47460,236,1223,323
30,47724,211,1133,296
30,47994,264,722,221
30,48299,371,875,176
30,48700,121,730,197
30,48846,171,654,183
30,49071,208,1244,206
30,49313,244,1421,231
30,49617,201,1323,572
30,49868,236,1374,768
30,50150,189,1474,904
30,50366,216,1423,822
30,50618,382,1162,897
30,51042,195,767,973
30,51290,247,913,673
30,51569,234,913,537
30,51834,144,737,456
30,51997,219,695,444
30,52253,522,994,441
30,52792,399,961,423
30,53218,457,1033,417
30,53711,226,780,419
30,53964,262,649,450
30,54255,232,519,385
30,54552,449,778,391
30,55041,582,936,422
30,55661,142,1091,389
30,55839,354,1281,291
30,56236,302,1046,352
30,56565,159,1124,316
30,56756,345,1291,349
30,57122,140,1259,301
30,57296,278,1413,273
30,57595,153,1402,246
30,57798,162,1081,266
30,57982,439,1112,278
30,58466,259,942,326
30,58757,350,758,403
30,59140,228,552,371
30,59401,156,393,376
30,59586,391,288,425
30,60015,89,469,359
31,12,380,792,491
31,411,211,738,454
31,660,212,999,442
31,914,194,1287,279
31,1138,441,1442,164
31,1602,125,1459,191
31,1763,232,1083,245
31,2028,87,1028,476
31,2142,203,1055,584
31,2364,664,1062,619
31,3059,141,1021,486
31,3215,361,1003,458
31,3608,267,727,421
31,3916,222,592,421
31,4170,221,377,366
31,4421,150,201,208
31,4595,486,106,155
31,5127,309,654,84
31,5472,253,974,112
31,5765,169,1025,530
31,5963,484,1073,603
31,6474,1222,1092,641
31,7819,982,1101,633
31,8821,1765,1056,637
31,10604,708,1061,599
31,11357,195,1266,748
31,11593,63,1373,748
31,11742,154,1377,762
31,11939,367,1177,795
31,12340,253,923,874
31,12627,150,661,895
31,12807,448,481,877
31,13281,331,539,784
31,13639,768,581,717
31,14427,308,600,659
31,14762,190,632,627
31,14974,225,647,600
31,15230,663,446,660
31,15914,115,491,671
31,16072,215,272,676
31,16321,822,193,677
31,17166,443,165,738
31,17634,254,186,794
31,17911,188,131,749
31,18128,267,186,636
31,18422,272,189,538
31,18719,113,148,437
31,18862,428,177,349
31,19320,157,243,248
31,19501,201,262,183
31,19741,364,664,92
31,20128,80,699,83
31,20369,697,687,89
31,21099,312,734,92
31,21436,720,766,103
31,22181,369,813,150
31,22597,163,783,353
31,22798,549,739,406
31,23383,116,788,471
31,23528,402,734,434
31,23958,426,806,516
31,24416,275,1004,397
31,24729,271,1237,343
31,25025,143,1208,242
31,25187,136,1166,224
31,25366,149,1318,289
31,25546,277,1311,437
31,25876,251,1347,61
31,26165,235,1444,148
31,26431,208,1358,223
31,26678,496,1443,187
31,27196,146,1469,231
31,27383,369,1330,300
31,27783,1254,1172,183
31,29054,360,1178,190
31,29440,368,1095,154
31,29830,381,1058,201
31,30237,533,1040,273
31,30796,164,1081,307
31,30992,202,979,102
31,31246,313,1252,1
31,31608,137,1427,553
31,31776,378,1481,729
31,32201,557,1507,481
31,32792,264,1348,708
31,33085,195,1216,788
31,33324,336,1306,569
31,33688,178,1199,602
31,33902,196,1080,833
31,34147,251,782,863
31,34436,351,467,862
31,34823,403,818,745
31,35257,251,619,687
31,35523,410,581,665
31,35971,367,682,652
31,36365,293,668,548
31,36674,207,662,486
31,36899,439,626,436
31,37507,684,718,402
31,38233,411,734,232
31,38667,181,749,133
31,38870,283,704,88
31,39183,187,788,161
31,39395,283,870,200
31,39709,198,619,234
31,39945,300,919,89
31,40278,852,680,65
31,41153,295,681,126
31,41476,261,603,212
31,41773,231,538,251
31,42036,262,748,78
31,42318,296,698,83
31,42655,446,866,156
31,43130,288,930,307
31,43472,258,638,153
31,43773,340,517,233
31,44145,127,462,373
31,44417,224,516,360
31,44681,169,612,418
31,44884,277,686,140
31,45179,377,702,114
31,45592,240,826,278
31,45872,144,775,426
31,46038,241,727,427
31,46318,225,667,156
31,46573,362,697,119
31,46983,262,304,174
31,47288,247,466,279
31,47564,694,512,267
31,48285,204,432,347
31,48516,374,368,383
31,48934,165,585,414
31,49123,176,624,437
31,49339,298,733,424
31,49682,137,949,439
31,49848,151,997,451
31,50051,198,594,406
31,50276,152,617,424
31,50476,377,377,397
31,50915,275,807,417
31,51212,262,739,429
31,51506,144,541,390
31,51691,259,372,397
31,51982,553,492,264
31,52566,205,682,297
31,52808,275,733,391
31,53244,581,732,408
31,53860,346,992,351
31,54261,146,539,357
31,54450,823,367,400
31,55322,464,604,415
31,55809,258,572,313
31,56107,195,654,341
31,56316,252,637,312
31,56585,703,624,262
31,57302,1166,608,209
31,58496,185,790,218
31,58722,317,919,220
31,59070,175,1034,331
31,59273,155,1000,407
31,59445,466,1001,453
31,59941,152,1014,308
32,12,275,797,494
32,324,176,654,402
32,530,180,514,336
32,739,187,414,364
32,952,232,344,456
32,1233,157,613,396
32,1436,171,282,666
32,1641,188,343,422
32,1852,223,426,364
32,2252,256,484,322
32,2565,199,1035,413
32,2790,234,1101,291
32,3065,125,1248,244
32,3265,111,452,333
32,3596,25,409,309
32,3868,155,436,311
32,4044,403,400,322
32,4483,139,272,442
32,4649,135,378,364
32,5007,122,397,371
32,5216,41,407,379
32,5293,137,478,305
32,5465,211,623,383
32,5702,156,558,267
32,6055,185,443,244
32,6273,234,391,329
32,6530,191,449,332
32,6740,238,419,336
32,7028,128,275,420
32,7190,261,421,316
32,7494,211,594,360
32,7734,138,718,370
32,7914,118,427,344
32,8080,357,713,58
32,8457,375,755,51
32,8869,258,1011,46
32,9165,120,907,108
32,9315,160,983,286
32,9507,163,894,382
32,9704,158,993,509
32,9900,232,840,412
32,10167,146,1024,417
32,10494,141,1067,425
32,10668,771,1117,616
32,11471,303,1049,433
32,11809,701,786,388
32,12528,174,808,371
32,12749,234,1294,236
32,13005,172,1255,184
32,13213,189,1396,254
32,13426,95,1425,182
32,13678,353,1374,307
32,14055,199,1297,282
32,14281,298,1372,351
32,14604,260,1329,446
32,14886,245,1319,521
32,15151,294,1320,498
32,15473,247,1245,566
32,15747,406,1156,673
32,16178,473,1080,785
32,16708,165,632,854
32,16898,125,553,859
32,17233,136,264,693
32,17395,319,184,662
32,17729,169,131,677
32,17950,278,202,168
32,18252,185,179,134
32,18601,654,311,165
32,19281,179,382,94
32,19506,126,438,311
32,19655,135,391,353
32,19821,228,294,507
32,20064,415,232,515
32,20507,110,281,362
32,20644,184,306,236
32,20852,320,388,352
32,21188,136,413,352
32,21354,198,549,286
32,21591,207,518,454
32,21828,456,564,271
32,22302,270,578,234
32,22612,72,684,197
32,22714,261,724,78
32,22989,299,704,126
32,23311,200,713,16
32,23526,203,746,52
32,23758,228,668,139
32,24009,222,657,207
32,24249,133,692,211
32,24565,387,439,125
32,24980,206,347,103
32,25211,290,467,114
32,25527,190,392,74
32,25742,60,322,96
32,26057,114,387,94
32,26391,383,408,336
32,26830,241,299,564
32,27087,196,291,614
32,27300,270,248,617
32,27594,248,186,653
32,27864,266,238,704
32,28162,130,207,654
32,28316,355,236,559
32,28698,325,349,591
32,29050,247,427,622
32,29349,158,757,791
32,29543,207,581,825
32,29780,148,672,668
32,30145,395,906,796
32,30578,494,1162,755
32,31107,287,1295,842
32,31426,362,1429,785
32,31813,254,1411,756
32,32086,325,1442,719
32,32434,247,1471,756
32,32709,733,1559,779
32,33456,359,1578,815
32,34037,160,1343,789
32,34222,403,1266,855
32,34655,244,1201,682
32,34930,158,1093,618
32,35120,173,1060,443
32,35327,169,927,568
32,35527,158,854,304
32,35723,128,761,159
32,35877,145,758,101
32,36082,220,204,28
32,36329,219,181,85
32,36987,303,292,27
32,37324,192,180,125
32,37712,140,243,112
32,37879,1318,174,126
32,39404,1259,137,108
32,40853,327,152,89
32,41212,228,201,284
32,41465,181,232,244
32,41673,216,303,173
32,42068,248,324,143
32,42349,152,340,319
32,42532,289,204,402
32,42847,1227,202,288
32,44122,257,97,550
32,44429,238,69,746
32,44692,129,149,842
32,45035,99,130,772
32,45323,165,312,329
32,45510,242,368,343
32,45805,143,223,568
32,45984,200,371,399
32,46203,554,398,352
32,46778,214,383,357
32,47012,609,409,368
32,47643,190,460,364
32,47855,310,411,364
32,48190,148,498,344
32,48366,284,587,292
32,48687,490,662,396
32,49385,175,639,392
32,49582,794,675,402
32,50405,340,785,392
32,50762,84,783,375
32,51042,202,826,185
32,51272,132,947,162
32,51432,404,995,63
32,51852,160,967,54
32,52039,287,1059,31
32,52349,243,1000,26
32,52777,605,987,71
32,53404,155,1020,116
32,53587,183,1012,260
32,53805,203,1266,209
32,54038,176,1381,231
32,54249,313,1501,150
32,54576,101,1484,127
32,54846,429,1511,116
32,55308,102,1421,227
32,55455,221,1131,384
32,55713,165,1379,305
32,55918,218,1082,411
32,56165,358,978,418
32,56542,101,951,376
32,56670,224,1007,325
32,56921,217,1104,285
32,57162,173,1156,243
32,57368,171,1019,388
32,57560,234,982,446
32,57820,243,1002,529
32,58082,192,989,490
32,58299,141,992,401
32,58464,212,989,300
32,58706,208,1088,237
32,58940,299,1165,204
32,59259,779,1218,184
32,60052,40,1226,152
33,12,299,803,506
33,365,124,733,359
33,529,125,693,126
33,702,180,1114,279
33,922,309,914,419
33,1251,254,968,468
33,1667,53,596,401
33,1734,242,591,412
33,2009,524,531,254
33,2576,218,706,312
33,2851,254,969,678
33,3178,121,967,437
33,3346,162,763,178
33,3536,228,698,119
33,3811,228,499,165
33,4081,370,165,190
33,4508,157,163,364
33,4712,449,110,152
33,5640,320,111,164
33,6001,215,287,273
33,6248,136,449,353
33,6413,275,349,398
33,6741,280,893,369
33,7054,218,1023,358
33,7301,151,992,448
33,7511,191,1164,421
33,7734,386,1172,238
33,8155,329,1066,270
33,8520,301,1237,303
33,8897,267,547,458
33,9208,239,698,412
33,9483,321,542,266
33,9848,244,657,50
33,10139,302,949,161
33,10487,435,1089,350
33,10971,321,1001,471
33,11331,326,1155,359
33,11707,283,1160,232
33,12020,220,1273,250
33,12263,280,1311,319
33,12583,215,1206,230
33,12825,269,1143,212
33,13110,544,1108,158
33,13675,166,1061,186
33,13857,294,1076,161
33,14301,239,1039,217
33,14571,532,1041,298
33,15135,484,1062,406
33,15643,233,1034,476
33,15908,470,1071,389
33,16429,406,1056,558
33,16873,185,1053,409
33,17106,358,1076,617
33,17483,216,1043,579
33,17733,304,1012,454
33,18067,505,1068,379
33,18601,566,995,431
33,19206,539,921,342
33,19778,262,975,465
33,20066,448,1034,507
33,20556,679,1070,631
33,21251,439,1031,621
33,21723,372,906,502
33,22112,575,922,452
33,22716,242,919,358
33,22973,431,890,394
33,23427,205,921,332
33,23680,185,910,217
33,23894,428,843,329
33,24349,235,779,386
33,24608,264,825,377
33,24924,413,1073,232
33,25368,218,1207,223
33,25619,202,1322,284
33,25853,431,1188,367
33,26309,108,1243,378
33,26463,240,1367,279
33,26739,285,1433,187
33,27046,462,1452,151
33,27548,245,1316,358
33,27817,289,1324,307
33,28136,264,1447,217
33,28422,242,1477,192
33,28688,323,1462,122
33,29037,255,1443,209
33,29315,359,1412,186
33,29692,218,1447,196
33,29936,298,1394,223
33,30262,246,1444,161
33,30540,281,1474,267
33,30847,384,1358,299
33,31247,820,1348,258
33,32094,414,1297,311
33,32532,491,1233,382
33,33070,436,1254,586
33,33552,231,1088,578
33,33836,388,1122,345
33,34240,304,1086,376
33,34566,568,1135,393
33,35152,298,1088,368
33,35468,551,1124,366
33,36045,219,1171,353
33,36287,346,1100,350
33,36660,277,1060,223
33,36955,496,1087,181
33,37483,655,1048,283
33,38160,258,1059,248
33,38438,282,1057,204
33,38754,490,1061,330
33,39270,457,1011,298
33,39752,222,970,221
33,40000,303,1026,274
33,40340,370,1066,398
33,40740,262,1024,463
33,41049,529,1066,638
33,41625,346,1279,768
33,42000,202,1375,745
33,42244,411,1487,763
33,42728,233,1436,248
33,43006,328,1483,153
33,43360,380,1469,206
33,43767,370,1504,135
33,44191,218,978,365
33,44439,326,1069,324
33,44794,448,967,378
33,45263,160,905,384
33,45442,232,913,336
33,45697,372,931,299
33,46113,389,802,418
33,46518,227,759,418
33,46773,373,643,423
33,47176,454,533,319
33,47651,291,492,373
33,47959,228,453,387
33,48211,211,453,307
33,48448,113,495,245
33,48613,347,294,652
33,48989,250,228,664
33,49266,370,176,704
33,49705,294,237,304
33,50035,233,256,194
33,50330,369,591,313
33,50759,185,896,381
33,50978,270,1090,353
33,51294,281,1216,317
33,51606,404,1324,318
33,52037,217,1253,281
33,52283,222,1191,341
33,52538,440,1349,250
33,53000,172,1405,196
33,53217,482,1131,304
33,53731,290,1163,202
33,54038,242,1190,190
33,54300,487,1162,172
33,54809,288,1221,218
33,55140,508,1349,243
33,55669,237,1289,313
33,55933,264,1213,369
33,56220,488,1162,394
33,56724,333,1209,389
33,57097,270,1293,279
33,57397,264,1362,253
33,57684,877,1293,263
33,58590,460,1229,349
33,59079,563,1299,305
33,59664,439,1332,313
34,12,789,783,501
34,861,309,1254,341
34,1214,166,1301,580
34,1419,347,1373,711
34,1827,327,509,457
34,2208,194,197,717
34,2432,71,36,819
34,2632,51,24,822
34,2750,54,38,989
34,2882,258,1413,843
34,3166,102,1446,824
34,3318,141,1543,164
34,3492,133,1568,33
34,3981,277,254,162
34,4285,247,114,171
34,4569,347,503,221
34,4946,220,667,268
34,5215,320,1207,389
34,5566,224,1385,367
34,5849,227,848,396
34,6110,255,912,550
34,6396,266,1046,694
34,6676,463,1041,672
34,7162,384,1076,657
34,7580,370,1001,467
34,7984,168,1115,316
34,8202,311,532,277
34,8584,221,1267,728
34,8835,541,1407,748
34,9416,348,1536,816
34,9810,199,1489,315
34,10041,373,1352,360
34,10461,98,1291,451
34,10606,184,1154,683
34,10829,149,1028,723
34,11011,122,1197,584
34,11163,153,1234,418
34,11354,162,987,369
34,11565,371,506,441
34,11973,197,596,458
34,12219,445,1134,407
34,12702,531,999,500
34,13262,276,858,476
34,13581,336,1028,261
34,13950,193,1239,291
34,14173,398,1367,296
34,14614,297,1122,357
34,14938,181,1056,405
34,15179,318,1053,763
34,15528,384,913,819
34,15966,315,1160,410
34,16321,120,1337,266
34,16473,138,1422,123
34,16680,111,558,136
34,16850,217,401,356
34,17098,205,477,427
34,17333,270,318,499
34,17653,661,99,746
34,18342,277,197,871
34,18649,284,87,732
34,18963,480,189,643
34,19471,214,42,773
34,19860,195,481,941
34,20099,163,843,906
34,20321,182,279,243
34,20534,378,101,183
34,21108,174,427,289
34,21328,379,722,152
34,21744,256,490,300
34,22027,231,614,269
34,22292,137,677,231
34,22593,201,514,342
34,22823,380,623,417
34,23252,325,491,640
34,23602,434,431,626
34,24225,305,380,391
34,24572,224,114,197
34,24819,225,133,193
34,25066,142,97,146
34,25224,178,96,137
34,25462,297,567,62
34,25790,230,741,51
34,26041,358,701,57
34,26436,161,748,59
34,26624,250,663,136
34,26901,417,571,149
34,27349,978,719,61
34,28358,157,616,169
34,28544,906,696,96
34,29500,244,242,96
34,29774,526,99,121
34,30325,390,80,206
34,30750,425,262,184
34,31211,193,364,81
34,31433,328,468,152
34,31790,323,511,229
34,32151,148,603,294
34,32327,305,670,226
34,32662,288,601,316
34,32981,131,576,449
34,33319,107,676,438
34,33453,286,752,429
34,33778,415,462,446
34,34215,191,473,499
34,34434,275,398,594
34,34736,206,433,502
34,34971,497,604,413
34,35491,170,506,473
34,35708,301,1141,403
34,36048,132,1044,437
34,36214,202,821,433
34,36448,157,1016,493
34,36632,294,1073,578
34,36949,127,1092,658
34,37106,122,1260,634
34,37256,260,1351,482
34,37553,236,1094,567
34,37816,225,1002,478
34,38069,383,848,439
34,38486,317,927,523
34,38830,150,1034,475
34,39016,291,1187,268
34,39331,172,1111,231
34,39539,322,1382,321
34,39900,170,1479,260
34,40088,418,1493,240
34,40525,646,1474,218
34,41200,166,1551,199
34,41384,346,1544,165
34,41761,141,1302,224
34,41937,237,1074,398
34,42198,179,1049,489
34,42405,310,1053,577
34,42740,376,1013,508
34,43143,313,927,606
34,43489,292,1154,502
34,43803,40,1104,461
34,43877,314,1320,377
34,44249,214,970,527
34,44514,146,985,969
34,44694,190,1219,932
34,44931,180,713,914
34,45172,135,716,480
34,45338,391,932,414
34,45772,302,481,392
34,46106,153,696,463
34,46292,273,751,608
34,46600,480,704,927
34,47107,52,762,949
34,47206,276,1343,842
34,47516,180,1528,872
34,47738,374,1232,874
34,48131,438,1188,842
34,48587,2448,1209,850
34,51069,168,1392,762
34,51439,85,1244,386
34,51566,171,1145,118
34,51785,217,617,47
34,52048,263,127,49
34,52338,453,127,110
34,52819,380,274,100
34,53226,763,144,114
34,54030,290,283,200
34,54576,264,366,101
34,54871,269,465,188
34,55168,366,513,266
34,55574,156,616,352
34,55752,343,605,403
34,56124,259,478,447
34,56413,290,598,428
34,56743,449,463,529
34,57234,224,99,618
34,57485,327,119,677
34,57841,187,224,669
34,58051,735,262,639
34,58817,765,417,646
34,59624,239,577,724
34,59904,288,332,676
35,12,317,797,534
35,375,295,561,320
35,699,250,356,355
35,983,243,242,561
35,1263,281,362,342
35,1589,43,278,487
35,1646,188,273,514
35,1914,206,1459,889
35,2165,94,1266,951
35,2330,154,1276,32
35,2546,207,314,71
35,2787,217,118,166
35,3047,268,344,437
35,3368,202,464,356
35,3621,400,246,616
35,4045,173,217,687
35,4237,264,195,584
35,4520,273,226,660
35,4835,273,389,310
35,5138,174,549,237
35,5369,186,1023,413
35,5601,145,1286,694
35,5778,246,1398,815
35,6090,157,679,296
35,6280,167,471,419
35,6472,280,354,410
35,6794,141,485,271
35,6953,356,509,247
35,7350,181,338,86
35,7557,398,252,27
35,7986,285,119,141
35,8322,193,659,54
35,8562,232,896,379
35,8843,154,658,546
35,9036,105,909,676
35,9196,423,1268,344
35,9660,381,1062,365
35,10070,585,947,395
35,10681,170,1052,339
35,10893,658,932,460
35,11577,513,958,519
35,12119,153,1099,458
35,12289,191,1056,464
35,12507,230,924,349
35,12781,41,1089,231
35,12871,190,449,417
35,13092,174,330,414
35,13334,358,1360,236
35,13720,288,1501,223
35,14024,228,1551,163
35,14274,256,1506,209
35,14572,210,1236,312
35,14813,337,1105,339
35,15187,274,906,506
35,15512,223,1340,727
35,15763,382,1283,608
35,16191,150,1263,919
35,16374,202,1422,808
35,16605,283,1572,834
35,16915,1518,1427,777
35,18455,270,1446,798
35,18753,234,1552,817
35,19021,296,1225,923
35,19346,158,1090,808
35,19528,772,1221,881
35,20331,194,1014,786
35,20571,473,1026,410
35,21078,274,1313,488
35,21392,349,1432,223
35,21764,395,1511,171
35,22219,178,1003,100
35,22428,243,762,73
35,22727,370,1099,707
35,23147,312,947,429
35,23503,324,741,404
35,23882,326,1357,244
35,24237,367,1233,214
35,24643,351,1491,191
35,25042,528,1207,209
35,25628,447,722,99
35,26097,153,648,64
35,26297,202,309,66
35,26539,164,147,203
35,26721,356,111,148
35,27126,209,264,474
35,27368,321,193,721
35,27737,262,481,824
35,28041,355,603,686
35,28456,340,1121,573
35,28825,129,996,470
35,29021,409,460,806
35,29455,171,511,843
35,29855,160,282,757
35,30060,364,414,453
35,30457,216,596,644
35,30695,241,622,602
35,30971,577,571,761
35,31590,285,283,673
35,31906,202,133,743
35,32130,275,179,682
35,32431,202,184,588
35,32673,381,515,676
35,33105,226,202,703
35,33360,676,162,688
35,34064,185,196,575
35,34277,240,332,439
35,34545,269,223,549
35,34843,474,157,705
35,35363,252,358,359
35,35658,258,535,207
35,35964,270,298,126
35,36264,175,196,197
35,36462,544,105,169
35,37059,321,651,60
35,37704,304,376,879
35,38058,161,864,875
35,38267,317,1237,886
35,38650,346,1435,127
35,39050,160,920,44
35,39268,261,254,33
35,39577,842,80,158
35,40444,184,24,152
35,40649,243,87,138
35,40925,180,307,149
35,41141,301,407,351
35,41462,682,336,367
35,42196,217,721,48
35,42449,954,999,266
35,43459,283,528,577
35,43768,252,624,529
35,44071,248,1063,461
35,44348,459,1176,450
35,44856,617,619,593
35,45515,259,638,368
35,45805,366,651,252
35,46207,257,953,191
35,46505,226,758,74
35,46760,179,962,79
35,46989,223,734,336
35,47275,79,594,673
35,47375,176,588,611
35,47568,253,624,551
35,47844,225,671,500
35,48097,346,754,380
35,48458,170,743,432
35,48660,196,619,585
35,48899,271,433,782
35,49189,196,396,818
35,49417,243,557,586
35,49687,211,612,540
35,49950,611,218,819
35,50586,135,179,742
35,50777,433,631,201
35,51251,138,283,274
35,51436,257,615,258
35,51773,267,478,657
35,52064,243,601,602
35,52361,291,1371,712
35,52705,349,1358,233
35,53105,426,971,352
35,53548,205,918,345
35,53794,253,766,69
35,54105,210,413,322
35,54340,643,338,359
35,55014,248,197,528
35,55293,610,163,307
35,55936,992,342,358
35,56974,215,58,154
35,57791,162,39,197
35,58012,204,30,858
35,58276,257,662,918
35,58588,395,1232,881
35,59034,183,1483,674
35,59420,210,1537,837
35,59684,292,1547,172
35,59999,101,1498,181
36,12,274,812,508
36,322,212,539,393
36,580,236,974,469
36,855,195,1255,304
36,1076,204,1154,342
36,1329,328,612,360
36,1691,281,727,202
36,2015,196,816,354
36,2253,213,910,369
36,2505,95,833,430
36,2653,199,461,358
36,2895,202,160,216
36,3122,134,112,152
36,3288,252,54,22
36,3576,199,323,64
36,3826,183,494,414
36,4039,160,377,461
36,4229,114,512,367
36,4400,247,1064,384
36,4688,307,1277,310
36,5024,304,1403,211
36,5378,171,1079,428
36,5591,286,949,511
36,5921,280,1332,798
36,6240,253,1421,819
36,6535,172,1187,876
36,6777,297,676,301
36,7113,252,651,442
36,7389,389,608,532
36,7822,203,489,729
36,8073,214,470,488
36,8338,145,635,499
36,8516,240,543,319
36,8802,193,711,157
36,9045,302,887,504
36,9402,208,1391,717
36,9640,226,1417,776
36,9909,329,1196,922
36,10262,247,1161,907
36,10546,315,902,954
36,10905,218,1113,936
36,11168,266,1500,861
36,11462,255,1394,793
36,11760,400,1039,685
36,12187,142,1098,681
36,12366,199,1303,429
36,12607,129,1323,244
36,12905,66,1038,339
36,13012,37,963,510
36,13227,170,842,504
36,13464,81,508,469
36,13679,349,508,432
36,14068,116,606,165
36,14213,230,682,109
36,14511,262,314,807
36,14804,494,266,672
36,15338,138,154,718
36,15524,220,516,728
36,15775,147,473,676
36,15965,348,224,611
36,16346,328,145,467
36,16720,192,280,542
36,16952,140,151,484
36,17122,331,163,369
36,17476,380,183,328
36,17906,168,487,459
36,18103,123,374,447
36,18267,278,517,351
36,18573,197,496,407
36,18807,271,660,175
36,19094,111,684,145
36,19262,216,274,685
36,19506,367,186,621
36,19919,232,126,839
36,20202,203,189,236
36,20430,329,115,192
36,20802,350,517,368
36,21193,49,397,372
36,21303,232,1059,384
36,21574,203,984,499
36,21819,241,814,449
36,22094,91,1006,475
36,22328,256,1254,239
36,22624,193,1361,206
36,22846,193,1444,157
36,23064,191,1428,230
36,23301,225,1123,177
36,23563,103,1172,229
36,23716,258,1306,355
36,24016,312,1408,183
36,24354,277,1456,138
36,24668,533,1144,228
36,25238,286,995,241
36,25553,262,936,191
36,25859,190,1053,419
36,26072,225,1016,492
36,26318,168,995,475
36,26520,247,806,504
36,26816,126,1203,691
36,26983,238,1320,348
36,27262,232,1149,534
36,27534,206,1377,757
36,27782,200,1222,892
36,28019,237,1516,846
36,28289,405,1449,772
36,28737,83,1224,867
36,28876,174,510,488
36,29088,300,618,519
36,29441,375,226,698
36,29850,50,386,493
36,29941,178,488,459
36,30152,185,363,293
36,30372,388,121,181
36,31118,136,587,104
36,31292,246,694,118
36,31583,322,519,356
36,31961,303,1018,222
36,32298,163,885,418
36,32501,141,1028,499
36,32677,271,1274,309
36,32976,142,1174,357
36,33153,212,1309,229
36,33410,230,1089,306
36,33679,110,997,423
36,33848,300,438,472
36,34178,197,523,363
36,34419,316,161,293
36,34761,185,132,212
36,34965,711,107,148
36,35720,451,239,264
36,36204,133,176,346
36,36387,222,137,610
36,36646,215,421,616
36,36901,268,439,362
36,37207,154,539,629
36,37401,620,524,321
36,38053,404,683,191
36,38495,190,737,486
36,38710,115,743,448
36,38882,227,194,862
36,39152,310,224,744
36,39494,435,156,649
36,39964,304,98,674
36,40306,41,131,658
36,40376,359,127,807
36,40773,136,176,739
36,40939,255,146,641
36,41217,269,113,646
36,41529,278,137,799
36,41891,628,128,783
36,42559,192,242,720
36,42786,141,437,479
36,42963,155,551,361
36,43160,315,944,338
36,43513,503,977,505
36,44058,240,860,486
36,44332,278,982,469
36,44663,209,498,478
36,44915,152,396,586
36,45112,173,269,745
36,45312,227,178,747
36,45567,242,215,730
36,45856,483,481,436
36,46396,219,939,546
36,46651,521,1079,364
36,47205,211,1177,192
36,47559,519,1381,212
36,48139,208,1484,802
36,48375,158,1376,806
36,48586,171,918,372
36,48794,337,688,182
36,49290,442,928,407
36,49768,192,1298,307
36,49999,262,1161,376
36,50295,568,1064,289
36,50913,263,951,424
36,51223,276,527,318
36,51539,145,452,428
36,51734,296,1086,311
36,52071,159,1236,328
36,52350,554,1256,354
36,52927,447,1229,306
36,53400,664,1165,253
36,54112,248,1306,272
36,54396,1106,1421,179
36,55534,420,1244,146
36,56000,231,1031,257
36,56260,202,1152,238
36,56504,263,1330,236
36,56803,180,1396,221
36,57012,256,1320,258
36,57308,207,1091,521
36,57551,310,1165,641
36,57910,169,717,309
36,58115,212,1044,454
36,58374,212,1284,351
36,58626,261,1359,337
36,58917,184,1233,378
36,59132,84,1139,251
36,59261,354,1422,144
36,59661,432,1141,275
37,12,320,817,494
37,375,218,568,471
37,651,206,1061,204
37,925,88,411,322
37,1032,82,402,332
37,1141,21,403,334
37,1205,22,468,323
37,1417,170,303,452
37,1618,186,202,596
37,1875,151,206,580
37,2094,91,203,606
37,2246,332,379,453
37,2657,113,834,425
37,2798,21,838,439
37,2962,47,464,417
37,3035,80,467,424
37,3136,220,461,413
37,3385,879,335,473
37,4301,170,506,288
37,4658,82,497,343
37,4775,260,673,456
37,5091,190,252,532
37,5316,498,173,713
37,5858,367,490,821
37,6278,231,847,608
37,6547,199,1003,452
37,6791,347,1213,266
37,7176,118,1438,228
37,7459,422,1405,192
37,7927,199,1258,538
37,8153,265,1331,493
37,8451,143,1354,353
37,8630,315,1439,184
37,8988,530,1321,352
37,9551,348,1309,519
37,9935,209,1274,608
37,10178,263,1389,747
37,10460,146,1393,773
37,10641,336,1547,844
37,11012,778,1589,986
37,11839,678,1182,972
37,12564,106,784,929
37,12852,250,785,981
37,13132,532,675,971
37,13709,387,299,931
37,14146,288,179,617
37,14466,546,122,737
37,15059,362,97,158
37,15447,248,67,91
37,15730,538,217,152
37,16306,175,149,379
37,16516,346,373,448
37,16885,342,318,454
37,17458,395,228,653
37,17918,437,726,102
37,18382,671,664,84
37,19105,502,911,462
37,19655,176,1230,323
37,19856,176,1289,365
37,20050,106,1299,288
37,20186,275,1128,296
37,20506,865,989,513
37,21404,273,1052,642
37,21863,251,1050,680
37,22148,736,983,521
37,22907,221,988,517
37,23144,187,994,474
37,23365,389,813,497
37,23783,257,741,453
37,24066,195,798,422
37,24476,252,977,377
37,24756,235,1073,243
37,25020,499,1157,241
37,25545,268,1092,164
37,25835,445,1141,201
37,26318,368,1334,204
37,26711,822,1411,219
37,27562,492,1434,301
37,28087,477,1424,203
37,28591,195,1384,288
37,28950,370,1324,312
37,29334,334,1284,333
37,29707,329,1454,93
37,30065,360,1347,117
37,30449,187,1420,163
37,30694,315,935,82
37,31032,334,883,84
37,31531,538,926,339
37,32113,424,937,666
37,32590,492,909,120
37,33122,268,919,362
37,33422,462,1065,204
37,33929,355,1035,409
37,34313,217,934,394
37,34583,203,332,428
37,34806,169,311,441
37,35007,448,176,653
37,35482,618,161,753
37,36282,179,376,491
37,36485,606,313,476
37,37130,249,546,379
37,37409,250,593,277
37,37690,365,654,227
37,38088,98,648,101
37,38231,223,436,376
37,38488,336,306,464
37,38854,135,214,568
37,39022,782,313,451
37,39839,664,473,257
37,40533,188,557,412
37,40739,233,574,457
37,41152,113,518,432
37,41297,364,487,326
37,41700,256,262,108
37,41989,181,98,209
37,42192,100,68,244
37,42327,256,264,152
37,42607,375,223,204
37,43006,692,201,284
37,43742,318,286,476
37,44093,282,150,608
37,44396,342,115,644
37,44767,221,221,639
37,45196,241,312,518
37,45474,205,133,291
37,45706,135,88,213
37,45891,281,621,140
37,46224,557,956,461
37,46817,604,831,431
37,47477,221,1126,827
37,47725,469,1166,901
37,48233,332,920,834
37,48602,311,1167,857
37,48946,159,1332,754
37,49139,713,1184,865
37,49926,132,289,381
37,50086,279,319,485
37,50561,466,1223,948
37,51052,328,1179,877
37,51413,366,1294,963
37,51816,283,1348,749
37,52148,283,892,822
37,52480,418,839,388
37,52941,721,593,393
37,53884,294,625,903
37,54208,375,695,949
37,54611,449,566,964
37,55097,501,786,1006
37,55637,115,509,847
37,55766,101,489,902
37,55894,186,406,882
37,56277,454,279,959
37,56763,286,105,955
37,57085,378,176,761
37,57478,190,150,702
37,57699,400,20,895
37,58496,323,778,987
37,58841,208,721,964
37,59091,341,744,727
37,59460,563,799,838
38,12,342,782,503
38,382,145,624,476
38,554,108,541,417
38,687,153,447,350
38,886,219,935,431
38,1149,298,1181,269
38,1665,122,1031,319
38,1817,188,957,445
38,2028,289,1006,427
38,2348,197,1048,579
38,2564,321,1076,607
38,2920,141,1269,658
38,3086,297,1361,669
38,3429,392,1001,366
38,3839,363,991,433
38,4241,151,1183,298
38,4421,207,1090,220
38,4655,215,1168,195
38,4899,308,1304,246
38,5239,358,1447,104
38,5661,317,653,57
38,6025,231,501,299
38,6286,255,309,154
38,7086,146,548,179
38,7264,202,669,41
38,7589,111,671,46
38,7714,323,673,7
38,8061,445,666,49
38,8544,60,524,229
38,8711,145,476,242
38,8897,296,139,172
38,9231,211,521,302
38,9461,159,520,257
38,9703,166,507,226
38,9902,244,337,336
38,10162,521,361,371
38,10711,174,268,241
38,10935,156,231,481
38,11121,351,191,582
38,11502,132,324,446
38,11664,188,256,544
38,11881,319,221,574
38,12218,316,208,619
38,12565,546,341,416
38,13149,287,205,571
38,13466,228,139,649
38,13720,183,142,682
38,13921,183,131,739
38,14131,148,227,792
38,14293,108,216,761
38,14428,267,152,691
38,14713,999,180,649
38,15741,359,124,571
38,16126,222,138,483
38,16380,158,201,300
38,16559,142,203,246
38,16724,159,241,189
38,16904,242,261,131
38,17187,876,196,267
38,18091,88,91,227
38,18288,331,103,179
38,18649,350,257,149
38,19031,431,108,128
38,19493,187,241,62
38,19720,196,623,94
38,19943,319,634,168
38,20279,233,658,152
38,20538,381,703,204
38,20948,479,615,322
38,21452,275,663,311
38,21753,125,661,357
38,21927,743,483,662
38,22698,213,588,681
38,22956,130,1148,709
38,23119,229,1353,719
38,23388,320,1449,785
38,23732,391,1458,756
38,24153,238,1321,736
38,24407,381,1336,774
38,24812,98,1380,771
38,24937,321,1329,794
38,25279,333,1319,758
38,25634,489,1342,759
38,26240,267,1191,131
38,26538,151,1003,210
38,26726,40,938,113
38,26860,246,926,77
38,27130,111,867,75
38,27415,174,929,39
38,27631,404,926,299
38,28102,340,906,194
38,28484,227,907,298
38,28746,160,1044,419
38,28935,163,969,443
38,29128,196,899,256
38,29434,149,951,299
38,29618,271,763,472
38,29915,92,711,422
38,30109,215,741,464
38,30450,488,689,419
38,30961,1277,692,419
38,32281,127,694,61
38,32457,150,1256,81
38,32780,311,1212,262
38,33124,281,938,363
38,33436,177,787,391
38,33646,208,975,182
38,33892,260,964,323
38,34180,187,1069,338
38,34399,285,1195,180
38,34716,232,1381,157
38,34980,208,1246,194
38,35226,260,1466,81
38,35516,166,1296,174
38,35713,225,1176,257
38,35967,264,1308,274
38,36260,150,1236,253
38,36436,236,1293,262
38,36711,457,1197,281
38,37210,225,937,277
38,37474,197,1034,468
38,37699,284,966,491
38,38012,305,1043,609
38,38351,3354,1089,667
38,41726,655,1149,598
38,42513,330,1241,192
38,42871,659,1325,249
38,43566,9626,1197,421
38,53238,479,1171,582
38,53737,145,1235,550
38,53898,144,1232,517
38,54063,172,1277,459
38,54263,199,1256,342
38,54491,151,1337,297
38,54675,199,1322,26
38,54902,157,1406,80
38,55083,103,1456,92
38,55220,261,1338,182
38,55506,220,1399,206
38,55758,258,1289,317
38,56044,138,1223,388
38,56199,79,1261,417
38,56316,223,1357,87
38,56569,144,1396,221
38,56744,215,1356,338
38,56988,318,1259,353
38,57324,161,1256,411
38,57512,214,1318,444
38,57755,317,1232,478
38,58099,243,1249,561
38,58369,205,1169,576
38,58597,195,1146,628
38,58819,185,1111,677
38,59038,119,1003,797
38,59183,104,931,778
38,59318,246,818,820
38,59589,193,758,789
38,59823,165,1123,819
39,12,221,796,493
39,247,64,798,495
39,359,352,526,397
39,766,363,1282,265
39,1165,275,1132,461
39,1483,392,1227,274
39,1940,534,509,298
39,2517,502,180,201
39,3200,261,1436,929
39,3815,552,1417,773
39,4386,172,1385,782
39,4602,308,1201,860
39,4975,242,886,608
39,5274,266,1078,399
39,5570,341,1021,478
39,5970,284,204,742
39,6317,345,466,365
39,6694,185,621,408
39,6918,454,341,431
39,7405,562,221,599
39,8006,361,171,717
39,8381,457,178,671
39,8885,474,457,666
39,9413,338,902,358
39,9800,389,1274,179
39,10221,428,1485,204
39,10692,384,1108,289
39,11103,245,1194,206
39,11409,802,677,94
39,12246,471,572,377
39,12744,461,613,405
39,13251,300,452,293
39,13581,234,366,388
39,13849,286,566,381
39,14166,632,526,278
39,14828,416,601,411
39,15272,465,565,307
39,15767,117,528,368
39,15921,522,528,246
39,16477,805,695,58
39,17495,245,55,18
39,17770,1103,128,143
39,18930,438,267,661
39,19408,301,161,709
39,19777,324,1074,687
39,20151,307,829,431
39,20512,447,1360,296
39,20986,700,1222,253
39,21787,124,1276,472
39,22057,573,1307,520
39,22677,387,1276,308
39,23107,348,872,451
39,23604,173,1122,569
39,23997,198,1022,527
39,24241,318,1107,637
39,24575,1057,1064,618
39,25672,334,997,479
39,26142,200,1015,492
39,26522,729,1023,499
39,27308,533,1314,284
39,27894,230,1326,781
39,28138,303,1321,796
39,28485,412,1218,877
39,28971,370,1351,230
39,29370,1168,1461,208
39,30574,387,1305,526
39,31081,761,1341,365
39,31858,110,1341,347
39,32015,436,1431,159
39,32481,2560,1434,256
39,35071,370,1333,266
39,35473,318,1177,276
39,35813,247,1187,208
39,36100,365,992,176
39,36493,665,963,59
39,37264,258,973,389
39,37548,197,1021,453
39,37763,432,1018,424
39,38231,324,1081,617
39,38584,215,951,592
39,38846,559,1139,433
39,39458,691,827,452
39,40187,538,941,707
39,40778,453,552,742
39,41291,301,795,504
39,41754,382,466,468
39,42162,365,394,404
39,42572,593,301,683
39,43218,308,834,607
39,43562,408,614,618
39,44029,195,763,382
39,44253,608,746,429
39,44910,498,454,314
39,45435,151,530,287
39,45630,215,322,424
39,45901,231,214,378
39,46163,457,266,213
39,46656,473,147,173
39,47174,1302,183,30
39,48547,376,220,777
39,48967,282,300,580
39,49307,549,1059,887
39,49902,413,1331,869
39,50375,171,817,947
39,50596,187,357,855
39,50845,173,155,444
39,51075,401,101,114
39,51522,190,282,22
39,51756,300,649,53
39,52107,615,1074,44
39,52771,457,1548,137
39,53264,369,1371,359
39,53690,543,951,674
39,54278,265,682,644
39,54593,790,751,357
39,55437,229,713,109
39,55699,451,651,318
39,56190,414,481,377
39,56653,394,546,246
39,57181,206,601,274
39,57410,462,633,242
39,57917,401,333,149
39,58357,295,479,382
39,58685,685,374,507
39,59541,390,407,398
39,59966,135,632,432
40,12,1453,777,470
40,1488,71,808,464
40,1610,290,358,343
40,1918,190,339,382
40,2136,262,433,402
40,2423,332,516,431
40,2798,173,343,404
40,2986,144,376,388
40,3177,257,698,124
40,3449,668,697,79
40,4134,108,667,86
40,4300,376,1012,226
40,4714,250,1200,228
40,4996,266,1452,190
40,5300,188,1307,267
40,5665,285,1236,218
40,5976,270,1173,236
40,6308,233,1319,681
40,6575,354,1421,803
40,6947,158,1421,761
40,7165,193,891,421
40,7417,387,1334,270
40,7819,299,1332,222
40,8343,362,467,353
40,8736,314,514,435
40,9089,263,321,391
40,9378,183,415,381
40,9610,267,357,657
40,9908,281,204,714
40,10215,134,271,651
40,10399,236,772,483
40,10690,146,894,966
40,11654,156,64,992
40,11830,358,59,957
40,12447,232,92,267
40,12706,211,88,179
40,12978,253,381,461
40,13258,199,400,386
40,13487,201,584,410
40,13748,423,169,483
40,14217,597,469,353
40,14839,176,358,391
40,15072,288,729,397
40,15393,187,984,424
40,15628,242,1273,366
40,15911,155,1073,534
40,16125,434,829,647
40,16605,341,1119,509
40,16976,147,1031,515
40,17181,479,719,784
40,17690,284,528,708
40,18022,268,627,417
40,18312,209,573,404
40,18563,140,372,322
40,18749,326,80,352
40,19126,354,290,487
40,19533,360,155,727
40,19922,111,68,579
40,20066,436,70,461
40,20524,40,88,380
40,20605,281,31,212
40,20904,876,78,177
40,21929,1292,93,144
40,23252,375,247,171
40,23649,161,308,134
40,23845,168,516,262
40,24027,435,484,223
40,24497,180,337,162
40,24706,238,225,83
40,24996,276,352,327
40,25302,229,516,268
40,25553,361,519,211
40,25944,290,701,143
40,26262,267,751,68
40,26549,304,712,79
40,26910,145,445,335
40,27083,302,533,301
40,27414,298,543,388
40,27732,105,473,350
40,27964,161,487,393
40,28165,262,767,419
40,28473,454,1097,338
40,28965,457,1358,292
40,29450,203,1266,248
40,29682,316,1344,291
40,30031,196,1486,173
40,30336,25,1357,201
40,30382,254,1302,286
40,30696,252,818,348
40,30983,243,577,438
40,31266,217,782,400
40,31526,143,521,350
40,31713,199,629,299
40,31956,151,909,442
40,32160,378,1379,162
40,32568,466,1477,192
40,33084,231,1506,767
40,33372,215,1319,376
40,33619,189,1427,212
40,33834,424,1483,156
40,34286,721,1445,224
40,35036,375,1488,206
40,35451,270,1538,294
40,35736,253,1547,255
40,36023,268,1541,138
40,36355,285,1269,338
40,36668,301,1351,318
40,37016,434,1082,289
40,37481,195,1256,203
40,37701,263,1183,214
40,38011,578,1052,341
40,38617,338,1149,287
40,38985,333,996,318
40,39358,220,1097,419
40,39610,133,1184,587
40,39774,294,990,473
40,40106,231,1102,658
40,40359,497,1067,626
40,40891,190,1131,704
40,41096,358,1142,658
40,41479,548,1071,626
40,42055,689,1020,457
40,42797,119,699,397
40,42934,856,738,404
40,43804,193,778,405
40,44013,209,739,409
40,44251,194,589,398
40,44461,1008,623,406
40,45526,134,316,377
40,45678,273,339,377
40,46166,138,447,567
40,46337,258,262,667
40,46616,935,221,651
40,47588,430,585,666
40,48038,187,566,712
40,48484,196,550,504
40,48711,167,441,397
40,48926,137,99,257
40,49091,404,121,174
40,49553,181,618,87
40,49763,368,722,70
40,50184,286,966,333
40,50649,410,949,302
40,51088,227,1061,332
40,51358,294,1302,374
40,51681,307,1207,384
40,52069,159,1144,195
40,52257,898,1218,218
40,53189,48,1093,145
40,53268,232,1222,175
40,53525,544,1157,145
40,54085,463,1116,163
40,54589,366,1204,364
40,54970,531,1214,385
40,55535,410,1369,428
40,55973,247,1286,376
40,56267,259,1384,523
40,56552,242,1316,483
40,56819,976,1368,398
40,57822,321,1444,320
40,58190,213,1257,453
40,58430,350,1334,451
40,58810,497,1241,538
40,59336,764,1323,516
41,12,309,798,499
41,366,232,414,404
41,648,276,960,364
41,963,236,1206,324
41,1259,202,590,287
41,1492,151,484,361
41,1682,175,702,139
41,1934,236,1410,718
41,2230,291,769,409
41,2554,295,628,436
41,2897,251,449,658
41,3193,161,298,433
41,3377,152,354,432
41,3567,277,147,234
41,3860,195,104,215
41,4091,397,346,141
41,4530,263,641,141
41,4838,270,519,334
41,5152,237,408,416
41,5422,290,575,418
41,5741,429,434,437
41,6209,221,762,463
41,6480,239,999,451
41,6763,289,1312,309
41,7080,344,1208,348
41,7452,238,1286,304
41,7806,187,1126,376
41,8034,243,1000,501
41,8308,237,789,484
41,8618,190,1500,836
41,8839,162,1376,772
41,9031,147,1274,811
41,9208,153,1394,771
41,9393,640,1231,901
41,10090,193,633,902
41,10307,143,589,934
41,10487,215,926,937
41,10766,308,1429,820
41,11232,286,1435,799
41,11548,240,1565,878
41,11820,506,1416,795
41,12361,340,1296,608
41,12734,186,1097,737
41,12942,253,1084,706
41,13221,184,1152,718
41,13444,320,1316,565
41,13795,269,1344,497
41,14095,328,1313,404
41,14446,154,1334,463
41,14652,204,1374,251
41,14877,259,1346,273
41,15167,852,1336,107
41,16047,238,1463,107
41,16331,247,1333,302
41,16605,152,1302,429
41,16814,167,1107,708
41,17005,643,1104,672
41,17890,231,1109,682
41,18154,243,994,507
41,18420,636,1039,494
41,19083,365,987,374
41,19509,341,1470,170
41,19881,253,1389,257
41,20159,121,1325,304
41,20306,28,1324,317
41,20404,191,469,161
41,20628,263,666,148
41,20965,100,1397,227
41,21083,168,1395,226
41,21278,686,1343,300
41,22037,346,554,171
41,22446,1362,1252,323
41,23870,2730,643,164
41,26651,4235,108,356
41,30924,7312,219,771
41,38388,191,523,498
41,38603,198,454,441
41,38828,47,547,373
41,38901,187,633,253
41,39108,26,697,213
41,39280,226,733,152
41,39689,198,738,279
41,40030,441,780,316
41,40622,159,692,380
41,40802,68,788,396
41,40905,187,1061,434
41,41107,109,1043,429
41,41276,150,1473,122
41,41488,149,777,375
41,41657,211,739,378
41,41913,185,1068,409
41,42157,220,1522,122
41,42395,185,1465,124
41,42609,181,1398,214
41,42805,206,1428,217
41,43079,149,697,420
41,43248,917,747,425
41,44193,257,837,533
41,44466,367,792,556
41,44962,186,976,228
41,45169,225,923,251
41,45440,372,1033,549
41,45838,225,999,446
41,46101,481,820,527
41,46607,366,772,589
41,47011,312,538,651
41,47349,264,497,741
41,47643,425,533,897
41,48106,218,796,929
41,48368,269,1152,941
41,48654,118,1184,974
41,48809,497,1332,943
41,49345,211,1416,768
41,49614,172,639,953
41,49834,250,205,958
41,50110,219,104,944
41,50372,122,54,718
41,50556,219,86,166
41,50795,627,74,104
41,51468,208,432,32
41,51705,287,558,8
41,52038,258,902,78
41,52352,260,223,191
41,52646,197,172,330
41,52874,417,111,215
41,53328,188,234,330
41,53543,353,328,411
41,53925,250,201,585
41,54251,234,1309,368
41,54518,223,1108,297
41,54787,395,897,449
41,55207,179,812,482
41,55412,249,738,469
41,55692,217,550,442
41,55945,255,539,626
41,56242,201,696,500
41,56488,469,842,221
41,56987,254,741,280
41,57302,420,1302,201
41,57756,272,1466,292
41,58055,276,1420,232
41,58358,292,1312,339
41,58698,275,922,424
41,59002,427,779,444
41,59472,224,1009,372
41,59759,343,481,526
42,12,238,778,488
42,292,260,606,384
42,601,172,977,420
42,821,199,1211,310
42,1093,157,1334,786
42,1446,249,381,443
42,1742,107,708,337
42,2116,53,970,324
42,2186,30,967,356
42,2281,109,971,344
42,2440,366,1162,297
42,2863,243,618,145
42,3259,497,137,399
42,3954,190,285,434
42,4214,251,136,674
42,4545,219,1342,783
42,4842,85,1113,903
42,5424,66,69,954
42,5712,390,313,441
42,6139,214,587,415
42,6536,154,702,409
42,6730,220,1029,289
42,6998,311,1281,195
42,7351,283,1139,417
42,7678,77,868,406
42,7771,194,879,379
42,8123,270,1176,239
42,8461,195,419,263
42,8683,202,298,382
42,8936,138,48,752
42,9161,97,54,999
42,9511,149,1236,913
42,9685,147,1129,939
42,9898,322,491,207
42,10249,137,366,311
42,10411,249,309,399
42,10706,193,19,166
42,10926,388,72,215
42,11395,136,1188,197
42,11578,267,1443,155
42,11877,207,1285,263
42,12132,183,836,424
42,12490,190,511,393
42,12731,141,87,584
42,13243,128,853,959
42,13422,195,1246,828
42,13645,257,1198,955
42,13928,336,1147,883
42,14351,147,654,369
42,14547,361,398,183
42,14972,353,1003,318
42,15357,241,829,471
42,15648,323,339,549
42,16002,239,84,700
42,16270,361,31,758
42,16656,356,114,733
42,17073,337,486,355
42,17434,225,556,435
42,17678,154,612,432
42,17858,564,714,427
42,18453,260,812,319
42,18741,477,888,246
42,19236,229,859,242
42,19495,333,776,425
42,19857,454,871,412
42,20333,297,934,325
42,20655,274,927,251
42,20954,156,976,209
42,21137,171,908,128
42,21447,112,965,74
42,21602,369,642,111
42,22022,278,261,239
42,22328,427,58,211
42,23170,601,62,221
42,23785,278,78,263
42,24083,1186,83,209
42,25292,197,45,247
42,25516,407,211,261
42,25940,218,187,312
42,26186,240,147,364
42,26470,237,425,421
42,26735,378,536,328
42,27139,164,626,298
42,27334,226,678,158
42,27612,348,1226,229
42,28001,117,1268,481
42,28174,244,645,138
42,28446,762,684,89
42,29262,1318,324,431
42,30607,104,415,408
42,30744,551,341,599
42,31339,398,535,650
42,31783,166,737,742
42,31997,250,1080,903
42,32301,145,1244,387
42,32489,311,1277,182
42,32833,300,1129,307
42,33161,298,1033,332
42,33474,543,1028,289
42,34043,300,943,250
42,34371,61,1064,193
42,34447,146,1060,217
42,34696,232,1202,528
42,34974,167,1126,229
42,35170,659,1073,211
42,35860,401,1162,254
42,36309,137,1077,348
42,36463,93,1064,272
42,36576,121,1062,246
42,36723,457,1003,283
42,37232,61,1077,390
42,37320,68,1086,376
42,37416,85,1229,409
42,37520,213,1226,446
42,37762,376,1029,420
42,38189,299,887,507
42,38532,335,1052,282
42,38894,372,1015,340
42,39288,454,958,319
42,39766,179,1006,260
42,40083,514,1049,208
42,40620,255,1002,273
42,40902,143,993,199
42,41093,290,1402,159
42,41408,207,1328,272
42,41641,322,1251,298
42,41986,172,1302,259
42,42208,297,954,476
42,42531,186,1016,422
42,42749,382,1076,237
42,43145,463,1045,296
42,43633,333,987,346
42,43989,806,1046,348
42,44813,279,1037,332
42,45118,449,1021,225
42,45581,591,1024,212
42,46198,596,1076,251
42,46817,232,1075,224
42,47069,354,1119,232
42,47438,167,1152,189
42,47638,351,947,254
42,48021,354,878,227
42,48407,558,913,442
42,48989,168,841,444
42,49185,696,972,446
42,49906,253,851,374
42,50186,549,851,466
42,50762,197,882,369
42,50991,336,1013,316
42,51355,460,1034,527
42,51843,909,900,537
42,52776,340,846,418
42,53152,159,738,514
42,53339,214,780,420
42,53577,273,828,390
42,53882,570,719,419
42,54480,151,831,368
42,54662,434,740,507
42,55146,334,1046,266
42,55504,165,986,303
42,55884,672,1004,274
42,56577,681,1030,294
42,57280,458,1009,248
42,57765,49,974,236
42,57830,202,967,243
42,58056,465,999,237
42,58540,227,1050,224
42,58794,313,992,275
42,59128,234,1025,312
42,59395,188,979,438
42,59608,236,1029,401
42,59878,215,938,464
43,12,375,826,511
43,430,244,617,379
43,841,243,507,426
43,1130,213,864,451
43,1375,490,1049,527
43,1899,376,1270,535
43,2312,106,1106,461
43,2468,308,519,424
43,2802,203,571,312
43,3053,299,349,422
43,3397,319,121,188
43,3765,258,630,146
43,4170,307,657,206
43,4520,305,504,451
43,4856,248,417,671
43,5135,225,259,689
43,5406,296,417,439
43,5727,435,341,446
43,6227,400,1304,227
43,6812,448,1091,535
43,7298,223,1179,710
43,7556,133,1261,829
43,7732,296,1073,682
43,8050,152,1097,664
43,8238,580,1023,487
43,8857,197,1078,236
43,9248,83,1189,298
43,9380,157,717,142
43,9580,359,442,409
43,9967,362,351,446
43,10491,594,262,639
43,11116,234,173,814
43,11393,148,294,492
43,11583,633,130,205
43,12397,853,119,193
43,13304,318,731,141
43,13674,221,1315,154
43,13940,109,1388,473
43,14095,234,1447,846
43,14362,152,1236,859
43,14563,269,1096,543
43,14856,332,1034,501
43,15233,248,1286,357
43,15525,60,1384,700
43,15605,104,1385,736
43,15734,148,1407,794
43,16113,354,1334,207
43,16522,271,519,371
43,16832,213,333,555
43,17081,365,191,725
43,17487,299,353,497
43,17834,270,869,434
43,18154,382,739,157
43,18562,126,652,163
43,18737,232,102,152
43,19120,228,144,141
43,19397,359,696,126
43,19806,319,1087,450
43,20151,246,1012,465
43,20443,320,1100,200
43,20916,160,1072,224
43,21122,555,710,135
43,21717,356,962,161
43,22092,300,911,144
43,22442,383,1181,483
43,22873,141,941,149
43,23069,191,489,342
43,23402,109,218,477
43,23553,569,163,292
43,24149,506,108,212
43,24796,131,45,759
43,24961,123,105,973
43,25133,283,618,995
43,25451,105,867,977
43,25599,269,1222,973
43,25924,509,1334,184
43,26475,381,957,178
43,27007,351,914,430
43,27387,490,1003,517
43,27913,790,744,471
43,28747,354,369,447
43,29275,1381,337,491
43,30684,453,276,618
43,31295,376,333,723
43,31726,566,1076,437
43,32336,2838,1241,267
43,35337,800,1079,389
43,36175,349,1383,387
43,36695,925,1427,512
43,37661,856,1403,791
43,38669,220,1502,825
43,38943,937,1418,257
43,39915,1067,1164,221
43,41012,1352,1139,364
43,42394,680,983,250
43,43259,445,968,290
43,43732,1454,1016,494
43,45219,200,853,475
43,45467,498,736,139
43,46116,1894,512,234
43,48050,561,244,182
43,48777,790,158,224
43,49606,639,398,404
43,50430,1919,366,566
43,52525,1083,225,613
43,53644,746,190,357
43,54438,452,688,151
43,55042,928,694,185
43,56005,846,956,172
43,56897,1695,1377,187
43,58756,789,1284,243
43,59981,207,1255,443
44,12,323,809,486
44,366,197,639,424
44,609,165,301,223
44,810,170,80,170
44,1035,133,766,237
44,1223,198,1351,213
44,1464,177,954,453
44,1702,178,467,461
44,1904,162,381,441
44,2238,164,899,466
44,2429,311,996,475
44,2793,198,1368,246
44,3021,215,1463,179
44,3309,205,503,261
44,3557,184,307,377
44,3760,137,341,384
44,3930,203,499,309
44,4186,202,1057,259
44,4434,152,1324,201
44,4617,210,1458,157
44,4870,128,1301,272
44,5047,199,942,444
44,5260,387,977,474
44,5681,649,1042,652
44,6372,166,1347,737
44,6600,320,513,441
44,6967,253,651,127
44,7272,183,214,167
44,7483,1286,90,188
44,8817,157,105,451
44,9012,196,123,649
44,9237,235,87,783
44,9513,134,432,877
44,9825,226,926,906
44,10088,272,1146,870
44,10382,495,1167,851
44,10911,784,1346,772
44,11727,327,1499,834
44,12104,264,1054,654
44,12387,251,1016,682
44,12665,192,922,548
44,12911,223,1247,216
44,13184,162,984,466
44,13382,152,741,423
44,13550,327,720,435
44,13929,118,1003,226
44,14134,168,1121,158
44,14335,208,943,129
44,14560,236,897,117
44,14828,305,907,260
44,15179,197,1163,287
44,15408,186,1356,279
44,15622,117,1442,186
44,15900,149,1449,166
44,16092,325,1298,378
44,16451,385,1234,480
44,16853,290,1279,472
44,17170,366,1278,329
44,17566,277,1347,231
44,17865,1414,1406,159
44,19316,222,1236,216
44,19560,173,1321,214
44,19763,361,1422,145
44,20148,228,1343,113
44,20398,290,1261,77
44,20725,347,1439,141
44,21093,303,1406,193
44,21410,384,1387,213
44,21999,240,1411,223
44,22326,244,389,185
44,22605,287,623,129
44,22916,384,658,122
44,23490,211,667,123
44,23723,248,601,119
44,23991,601,658,78
44,24612,234,633,110
44,24890,161,672,402
44,25083,153,538,444
44,25262,210,478,334
44,25500,181,350,397
44,25715,212,537,442
44,25945,185,562,464
44,26180,203,806,639
44,26431,158,1102,822
44,26610,97,1144,886
44,26896,216,407,905
44,27154,285,187,657
44,27486,199,282,443
44,27718,145,440,351
44,27909,209,47,226
44,28145,489,13,81
44,28712,121,1336,44
44,28872,284,1573,24
44,29233,487,1579,1004
44,29769,189,1086,981
44,30008,268,659,959
44,30329,1526,1113,874
44,31871,117,1142,862
44,32170,333,1087,865
44,32546,250,940,689
44,32830,200,719,483
44,33054,1742,662,447
44,35005,235,127,608
44,35267,210,78,706
44,35494,181,64,756
44,35720,264,418,900
44,36027,209,109,867
44,36259,220,106,796
44,36515,302,82,562
44,36837,336,43,512
44,37198,526,91,447
44,37909,385,187,144
44,38316,173,235,181
44,38520,568,69,198
44,39142,528,642,124
44,39705,107,423,124
44,39854,208,114,186
44,40097,297,377,264
44,40428,331,196,247
44,40787,635,138,344
44,41472,555,531,486
44,42232,1730,967,339
44,44161,900,899,364
44,45108,243,1213,327
44,45375,297,1150,265
44,45692,169,1113,328
44,45891,233,1192,401
44,46151,170,1270,433
44,46342,27,1343,417
44,46526,187,1336,313
44,46729,150,1304,298
44,46909,475,1413,241
44,47399,146,1435,274
44,47575,241,1306,321
44,47830,138,1269,312
44,47987,289,1300,300
44,48299,168,1378,279
44,48558,252,1433,198
44,48827,693,1368,169
44,49572,272,967,368
44,49872,451,1014,479
44,50345,215,1116,416
44,50606,275,1027,638
44,50916,263,786,538
44,51199,192,726,468
44,51419,202,816,423
44,51636,367,785,405
44,52035,458,583,411
44,52540,313,560,387
44,52889,460,616,231
44,53368,314,629,169
44,53700,195,669,152
44,53927,1361,577,259
44,55468,246,559,389
44,55754,283,296,347
44,56068,720,405,386
44,56825,227,222,313
44,57068,578,191,310
44,57668,280,219,242
44,57974,140,311,218
44,58181,197,1011,344
44,58577,282,1189,550
44,58888,241,1082,473
44,59153,386,979,476
44,59565,223,1061,431
44,59811,247,1126,394
45,12,149,813,526
45,175,198,820,541
45,399,200,667,547
45,623,145,722,559
45,1060,225,63,134
45,1323,756,188,157
45,2152,225,859,259
45,2450,250,1288,219
45,2756,263,1491,196
45,3041,601,1526,156
45,3722,115,341,241
45,3899,226,70,288
45,4142,244,101,266
45,4435,250,435,367
45,4718,158,565,279
45,4904,342,513,348
45,5273,351,622,372
45,5638,199,592,353
45,5871,220,646,250
45,6129,381,949,346
45,6556,212,1246,341
45,6800,325,1424,333
45,7288,317,128,439
45,7652,382,396,503
45,8107,103,894,487
45,8231,169,886,476
45,8430,144,1027,543
45,8629,201,1318,481
45,8891,227,1524,517
45,9216,288,141,572
45,9593,464,625,664
45,10116,271,955,613
45,10442,171,1178,621
45,10687,249,190,744
45,11017,43,1058,832
45,11100,251,1064,836
45,11485,73,1427,920
45,12494,279,126,994
45,13226,264,157,845
45,13514,372,162,780
45,13947,189,98,338
45,14169,504,72,267
45,14745,40,96,267
45,14829,38,94,274
45,14911,319,21,148
45,15596,633,168,586
45,16317,181,605,963
45,16570,84,1171,929
45,16681,478,1173,929
45,17221,30,1378,879
45,17267,461,1361,853
45,17753,116,1353,831
45,17924,389,1385,817
45,18385,193,326,602
45,18623,504,150,361
45,19182,303,449,484
45,19510,153,461,423
45,19721,414,65,302
45,20184,198,61,322
45,20405,80,41,332
45,20541,261,401,476
45,20877,159,1086,524
45,21078,380,1027,535
45,21528,337,1242,413
45,21929,558,446,396
45,22539,236,659,493
45,22957,1515,101,298
45,24555,337,181,598
45,24944,336,136,852
45,25298,249,157,819
45,25574,222,102,798
45,25846,292,334,799
45,26170,354,289,700
45,26565,304,408,842
45,26901,279,398,744
45,27207,365,294,708
45,27611,573,208,719
45,28210,381,193,584
45,28623,177,251,426
45,28836,478,249,286
45,29338,253,208,365
45,29625,166,271,198
45,29825,345,452,331
45,30206,122,499,451
45,30373,2117,334,523
45,32537,47,437,759
45,32868,192,405,814
45,33099,260,484,723
45,33395,661,563,719
45,34104,377,389,841
45,34538,418,527,847
45,34987,495,613,787
45,35515,215,578,582
45,35760,191,422,556
45,35983,299,452,428
45,36307,740,463,368
45,37084,438,603,566
45,37555,150,614,428
45,37885,796,603,358
45,38711,73,659,488
45,38808,122,662,483
45,38964,246,635,342
45,39246,384,692,206
45,39668,198,919,175
45,39929,41,704,522
45,40012,216,713,527
45,40266,356,815,559
45,40661,345,1143,524
45,41036,572,926,524
45,41656,88,636,567
45,41767,35,632,549
45,41818,436,624,551
45,42312,742,907,591
45,43108,149,1081,463
45,43291,57,961,664
45,43362,241,963,663
45,43635,321,1082,573
45,43992,377,979,629
45,44397,938,1012,574
45,45390,632,1048,720
45,46053,409,1184,568
45,46503,499,1271,511
45,47060,422,822,542
45,47503,1784,861,499
45,49308,531,861,468
45,49879,92,937,434
45,49990,21,953,357
45,50266,545,1006,373
45,50837,470,1062,359
45,51344,679,1120,312
45,52081,480,1148,485
45,52588,368,1175,469
45,52989,382,1202,644
45,53396,70,1258,597
45,53488,68,1256,652
45,53605,371,1299,451
45,54013,279,1363,378
45,54327,410,1453,340
45,54762,195,1367,279
45,54991,374,1319,422
45,55394,198,1394,542
45,55620,378,1289,593
45,56030,324,1180,669
45,56413,376,988,817
45,56839,290,1154,756
45,57161,153,1205,689
45,57343,238,1222,610
45,57619,220,1298,581
45,57866,345,1338,547
45,58237,283,1282,466
45,58543,165,1368,412
45,58745,158,1489,329
45,58938,253,1371,201
45,59219,107,1424,245
45,59386,69,1346,89
45,59691,255,1442,321
45,59981,126,1316,388
46,12,288,793,515
46,343,171,1106,459
46,573,186,522,402
46,790,514,407,413
46,1339,204,438,605
46,1604,262,1401,798
46,1911,177,1565,966
46,2147,176,1151,286
46,2374,173,529,328
46,2580,327,354,394
46,2970,316,964,329
46,3327,300,1263,312
46,3671,276,901,332
46,3975,480,948,467
46,4505,204,519,553
46,4735,150,498,382
46,4901,153,509,323
46,5085,387,369,401
46,5503,198,266,536
46,5741,454,610,468
46,6228,182,829,430
46,6444,389,1027,478
46,6865,479,1087,651
46,7391,115,909,440
46,7538,219,754,411
46,7806,401,1289,313
46,8232,206,1383,266
46,8626,236,792,116
46,8902,214,1096,172
46,9155,382,1329,356
46,9561,254,1366,317
46,9837,178,1404,288
46,10044,819,1489,210
46,10881,516,1513,267
46,11426,250,1508,133
46,11695,259,1475,152
46,12010,238,1056,287
46,12276,141,944,251
46,12445,370,986,117
46,12841,237,948,106
46,13099,368,983,111
46,13626,24,738,113
46,13664,392,748,93
46,14105,357,1134,483
46,14498,312,1367,721
46,14836,743,1428,764
46,15598,466,1393,766
46,16120,151,1180,295
46,16293,245,1191,229
46,16572,286,988,99
46,16913,140,1355,680
46,17081,368,1406,781
46,17482,483,1568,820
46,18006,266,1196,919
46,18335,384,584,929
46,18783,236,1267,871
46,19066,379,1566,863
46,19505,255,1464,161
46,19786,212,1542,141
46,20032,380,1368,264
46,20443,254,1499,219
46,20749,475,1221,232
46,21253,183,1262,327
46,21465,195,1371,319
46,21698,241,1265,506
46,21968,274,1322,368
46,22296,292,1392,47
46,22633,237,1353,318
46,22901,238,1306,448
46,23178,292,1287,564
46,23500,433,1186,623
46,23974,236,1084,734
46,24244,278,926,487
46,24557,369,827,626
46,24955,271,937,603
46,25270,319,1171,435
46,25623,341,1009,423
46,25992,331,958,495
46,26349,152,932,495
46,26526,311,941,421
46,26867,303,932,522
46,27190,551,956,530
46,27766,266,919,527
46,28056,168,947,538
46,28253,170,1007,424
46,28451,410,1014,331
46,28878,707,1022,277
46,29612,478,994,298
46,30116,307,1067,348
46,30474,231,470,384
46,30736,141,338,442
46,30908,487,249,535
46,31609,76,506,483
46,31713,283,650,452
46,32030,190,479,411
46,32247,160,503,339
46,32428,139,485,313
46,32589,238,549,283
46,32857,241,681,224
46,33122,612,646,211
46,33755,399,611,246
46,34204,225,297,589
46,34459,361,211,698
46,34839,480,180,727
46,35334,256,144,735
46,35613,164,107,801
46,35837,204,784,963
46,36082,103,1131,958
46,36212,164,1220,958
46,36452,140,264,316
46,36623,180,130,256
46,36844,145,337,85
46,37035,265,781,117
46,37341,162,1033,100
46,37542,159,702,3
46,37742,197,415,41
46,37980,445,169,319
46,38454,212,301,204
46,38716,371,872,159
46,39117,211,1011,276
46,39371,431,668,587
46,39837,373,889,714
46,40257,331,1389,651
46,40652,156,1361,164
46,40834,197,1314,101
46,41072,134,1084,233
46,41284,338,166,354
46,41653,257,207,133
46,41947,142,463,119
46,42133,343,875,82
46,42505,210,804,177
46,42749,185,717,278
46,42968,296,694,444
46,43308,280,1090,433
46,43617,364,1206,407
46,44023,481,976,373
46,44522,259,956,229
46,44970,186,398,384
46,45185,125,331,428
46,45359,317,722,164
46,45697,141,748,121
46,45875,268,1028,107
46,46166,222,1007,117
46,46434,396,606,276
46,46846,138,633,314
46,47019,169,442,354
46,47213,398,526,324
46,47636,142,576,383
46,47804,366,632,443
46,48212,500,357,411
46,48748,343,602,437
46,49121,155,494,438
46,49311,362,496,621
46,49723,811,537,273
46,50555,234,567,343
46,50825,202,539,479
46,51074,239,376,610
46,51341,257,293,612
46,51629,1070,229,667
46,52721,410,201,570
46,53155,301,261,578
46,53479,296,256,576
46,53801,202,165,603
46,54025,256,217,645
46,54553,1355,221,617
46,55934,961,326,634
46,56921,823,432,679
46,57770,368,517,684
46,58186,421,968,731
46,58720,575,1087,666
46,59348,296,764,537
46,59670,335,767,455
46,60031,65,854,421
